Chapter,Type,Number,Character,Pinyin,German
1,lek,,阿姨,ā yí,(N) Tante [Schwester der Mutter]
1,lek,2,報導,bào dǎo,"(N) Bericht, Reportage; berichten, bringen,senden [Fernsehen, Rundfunk]"
1,lek,3,保護,bǎo hù,"(TV, 1) schützen, erhalten; (N) Schutz, Fürsorge"
1,lek,4,變,biàn,"(IV) sich verändern, sich wandeln"
1,lek,,比方,bǐ fang,(N) Beispiel
1,lek,,比方說,bǐ fang shuō,"(TV, 1) zum Beispiel, als Beispiel ..."
1,lek,7,比什麼都…,bǐ shén me dōu…,(Komp.) als alles andere
1,lek,,不但,bú dàn,(Adv.) nicht nur
1,lek,9,不如,bù rú,"(TV, 1) schlechter als, nicht so gut sein wie"
1,lek,10,不像,bú xiàng,"(TV, 1) nicht so sein wie, unähnlich sein"
1,lek,,不只,bù zhǐ,(Adv) nicht nur
1,lek,12,參加,cān jiā,"(TV, 1) teilnehmen an, kommen zu"
1,lek,13,出生,chū shēng,(N) Geburt; (IV) zur Welt kommen
1,lek,14,出生率,chū shēng lǜ,(N) Geburtenrate
1,lek,15,出走,chū zǒu,"(IV) [von zu Hause] davonlaufen, abhauen"
1,lek,16,單身,dān shēn,"(N) Single, nicht verheiratet"
1,lek,17,電視,diàn shì,"(N) Fernsehprogramm, Fernsehen"
1,lek,18,釣竿,diào gān,(N) Angelrute
1,lek,19,對…來說,duì…lái shuō,"(CV) bezüglich, was zu ... zu sagen wäre"
1,lek,20,獨立,dú lì,"(Adv) unabhängig, selbständig"
1,lek,21,獨生女,dú shēng nǚ,(N) Einzelkind [Mädchen]
1,lek,22,獨子,dú zǐ,"(N) Sohn als Einzelkind, einziger Sohn"
1,lek,23,兒子,ér zi,(N) Sohn
1,lek,24,父母(親),fù mǔ(qīn),(N) Eltern
1,lek,25,婦女,fù nǚ,"(N) Frau, Frauen-"
1,lek,26,改變,gǎi biàn,"(TV, 1) verändern, verbessern; (N) Veränderung, Fortschritt"
1,lek,27,感情,gǎn qíng,"(N) Emotion, Gefühle"
1,lek,28,根,gēn,(N) Wurzel (Pflanzen)
1,lek,29,顧,gù,"(TV, 1) sich kümmern um, sorgen für"
1,lek,30,姑姑,gū gu,(N) Tante [Schwester des Vaters]
1,lek,31,花費,huā fèi,"(N) Kosten, Unterhalt"
1,lek,32,話題,huà tí,(N) Gesprächsthema
1,lek,33,減少,jiǎn shǎo,"(TV) abnehmen, weniger werden; (TV, 1) vermindern"
1,lek,34,家事,jiā shì,"(N) Familienangelegenheiten, Familienpflichten"
1,lek,35,家庭教育,jiā tíng jiào yù,"(N) Erziehung in der Familie, häusliche Erziehung durch die Eltern"
1,lek,36,結婚,jié hūn,(VO) heiraten
1,lek,37,解決,jiě jué,"(TV, 1) lösen, zu einem Ende bringen"
1,lek,38,接受,jiē shòu,"(TV, 1) annehmen; erhalten, bekommen"
1,lek,39,舅舅,jiù jiu,(N) Onkel [Bruder der Mutter]
1,lek,40,考試主義,kǎo shì zhǔ yì,"(N) Prüfungswahnsinn, Notenterror"
1,lek,41,恐怕,kǒng pà,"(Adv.) vermutlich, leider, wie zu erwarten"
1,lek,42,老大,lǎo dà,(N) der Älteste [in der Reihe der Geschwister]
1,lek,43,老么,lǎo yāo,"(N) der Kleinste, der Jüngste [in der Familie]"
1,lek,44,離家出走,lí jiā chū zǒu,"(VO) die Familie verlassen, sich von der Familie trennen, von zu Hause abhauen"
1,lek,45,禮物,lǐ wù,(N) Geschenk
1,lek,46,嘛,ma,(Part.) Ausdruck der Überzeugung
1,lek,47,沒想到,méi xiǎng dào,"(Adv) wer hätte gedacht, dass..., unerwartet"
1,lek,48,母難日,mǔ nàn rì,(N) „Tag der schweren Mutterstunde“ Bezeichnung für den eigenen Geburtstag
1,lek,49,女朋友,nǚ péng you,"(N) Freundin, Girlfriend, Beziehung"
1,lek,50,情況,qíng kuàng,"(N) Umstände, Situation, Lage"
1,lek,51,缺少,quē shǎo,"(TV, 1) fehlen an"
1,lek,52,日子,rì zi,"(N) die eigenen Tage, Zeit, Leben"
1,lek,53,少子化,shǎo zǐ huà,"(N) Abnahme der Kinder in Familien, Tendenz zu immer weniger Kindern"
1,lek,54,社會,shè huì,(N) Gesellschaft
1,lek,55,深,shēn,"(SV) tief, fest"
1,lek,56,聖誕節,shèng dàn jié,(N) Weihnachten
1,lek,57,生活,shēng huó,"(N) Leben; (IV) weiterleben, fortbestehen"
1,lek,58,受到,shòu dào,"(TV, 1) bekommen"
1,lek,5,俗語,sú yǔ,"(N) Sprichwort, Bauernregel (oft mit Reim)"
1,lek,,退休,tuì xiū,(IV) in Rente gehen
1,lek,6,外甥,wài shēng,(N) Neffe [Sohn der Schwester]
1,lek,2,現象,xiàn xiàng,"(N) Phänomen, Erscheinung, Bild"
1,lek,63,習慣,xí guàn,"(TV, 1) sich gewöhnen an, gewohnt sein zu; (N) Angewohnheit, Routine"
1,lek,,新聞 (Met: 則),xīnwén (Met: zé),"(N) Nachricht, Meldung, Nachrichtensendung"
1,lek,,兄弟姊妹,xiōng dì jiě mèi/xiōng dì zǐ mèi,(N) Geschwister
1,lek,,希望,xī wàng,"(TV, 1) hoffen, erwarten; (N) Hoffnung"
1,lek,67,許多,xǔ duō,(Pron.) viele
1,lek,,學習,xué xí,"(TV, 1) lernen; (N) Wissen, Gelerntes"
1,lek,,訓練,xùn liàn,"(TV, 1) antrainieren, beibringen"
1,lek,7,壓力,yā lì,"(N) Druck, Stress"
1,lek,71,養成,yǎng chéng,"(TV, 1) sich angewöhnen, kultivieren"
1,lek,72,嚴肅,yán sù,"(SV) streng, ernsthaft"
1,lek,73,依賴,yī lài,"(TV, 1) sich stützen auf, angewiesen sein auf"
1,lek,74,影響,yǐng xiǎng,(N) Einfluss
1,lek,78,有的,yǒu de,"(Pron.) einige, manche"
1,lek,6,越來越…,yuè lái yuè…,(Adv.) immer mehr
1,lek,77,造成,zào chéng,"(TV, 1) produzieren, verursachen, resultieren in"
1,lek,78,糟糕,zāo gāo,"(SV) Mist, Unsinn; danebengegangen"
1,lek,,則,zé,(Met) für Nachrichtenmeldungen
1,lek,,怎麼,zěn me,(Adv) wie?
1,lek,81,站,zhàn,"(TV, 1) sich hinstellen, sich aufbauen"
1,lek,,長大,zhǎng dà,"(IV) groß werden, aufwachsen"
1,lek,,照顧,zhào gu,"(TV, 1) sich kümmern um, erziehen"
1,lek,,著,zhe,(B) Aspektmarker zum Ausdruck des Durativs und Imperativs
1,lek,,只是,zhǐ shì,"(Adv) nur, bloß, lediglich"
1,lek,,職業婦女,zhí yè fù nǚ,"(N) berufstätige Frau, Geschäftsfrau"
1,lek,,賺錢,zhuàn qián,(VO) Geld verdienen
1,üb,1,重組,chóng zǔ,"(TV, 1) rearrangieren, neu bilden"
1,üb,2,廚房,chú fáng,(N) Küche
1,üb,3,廚師,chú shī,"(N) Koch, Köchin"
1,üb,4,大部分,dà bù fen,"(N) Großteil, Majorität;(Adv) meistens, größtenteils"
1,üb,5,獨生子女,dú shēng zǐ nǚ,(N) Einzelkinder (Jungen und Mädchen)
1,üb,6,煩,fán,"(SV) schlecht gelaunt, ärgerlich"
1,üb,7,跟屁蟲,gēn pì chóng,"(N) lästiges Insekt, das sich einem dauernd auf den Hintern setzt: metaphorisch für lästige Personen bzw. Schmeichler, Arschkriecher, Stiefellecker"
1,üb,8,功夫,gōng fu,"(N) Zeit und Mühe, Energie; Kungfu [Sportart]"
1,üb,9,關,guān,"(TV, 1) verschließen, zumachen, ausmachen"
1,üb,10,孤單,gū dān,"(SV) alleingelassen, vereinsamt"
1,üb,11,腳踏車,jiǎo tà chē,(N) Fahrrad
1,üb,12,記住,jì zhu,"(TV,1) sich merken, sich einprägen"
1,üb,13,來自,lái zì,"(TV, 1) sich herleiten von"
1,üb,14,亮,liàng,"(SV) hell, klar, glänzend"
1,üb,15,留在,liú zài,"(TV, 1) zurückbleiben, verweilen"
1,üb,16,留在家裏,liú zài jiā lǐ,(VO) zu Hause bleiben
1,üb,17,情境,qíng jìng,"(N) Situation, Ausgangspunkt, Lage"
1,üb,18,求,qiú,"(TV, 2) jemand um etwas bitten"
1,üb,19,雙薪家庭,shuāng xīn jiā tíng,(N) Doppelverdienerhaushalt
1,üb,20,熟語,shú yǔ,"(N) feste Redewendung, Idiom"
1,üb,21,歲,suì,(N) Lebensjahr
1,üb,22,天氣,tiān qì,(N) Wetter
1,üb,23,屋子,wū zi,"(N) Zimmer, Raum"
1,üb,24,想法,xiǎng fǎ,"(N) Denkweise, Vorstellung; Einfall, Idee"
1,üb,25,想念,xiǎng niàn,"(TV, 1) denken müssen an, vermissen"
1,üb,26,小孩,xiǎo hái,(N) Kind
1,üb,27,寫法,xiě fǎ,"(N) Schreibweise, Schreibstil, Handschrift"
1,üb,28,與其,yǔ qí,"(Konj) anstatt, an Stelle von, besser als ..."
1,üb,29,站在,zhàn zài,"(TV, 1) sich hinstellen; stehenbleiben an"
1,üb,30,子女,zǐ nǚ,"(N) Söhne und Töchter, Kinder"
1,üb,31,做菜,zuò cài,"(VO) kochen, Essen machen"
1,zu,1,擺,bǎi ,"(TV, 1) aufstellen, anordnen, arrangieren"
1,zu,2,擺碗筷,bǎi wǎn kuài,(VO) Tisch decken
1,zu,3,伯伯,bó bo,(N) Onkel [älterer Bruder des Vaters]
1,zu,4,擦,cā,"(TV, 1) wischen, schrubben, rubbeln, einreiben"
1,zu,,擦地板,cā dì bǎn,(VO) Boden wischen
1,zu,,草,cǎo,(N) Gras; Konzept
1,zu,,地板,dì bǎn,"(N) Dielen, Bodenbretter, Fußboden"
1,zu,8,弟妹,dì mèi,(N) jüngere Geschwister
1,zu,9,地毯,dì tǎn,(N) Teppich
1,zu,10,縫,féng,"(TV, 1) nähen, steppen; flicken"
1,zu,11,縫衣服,féng yī fú,"(VO) Kleidung ausbessern, flicken"
1,zu,12,割,gē,"(TV, 1) schneiden, abschneiden"
1,zu,13,割草,gē cǎo,(VO) Rasen mähen
1,zu,14,澆,jiāo,"(TV, 1) gießen, bewässern"
1,zu,15,澆花,jiāo huā,(VO) Blumen gießen
1,zu,16,晾,liàng,"(TV, 1) an der Luft trocknen lassen"
1,zu,17,晾衣服,liàng yī fú,(VO) Wäsche aufhängen
1,zu,18,馬桶,mǎ tǒng,"(N) Toilette, Klo"
1,zu,19,親戚,qīn qī,(N) eigene und angeheiratete Verwandte
1,zu,20,掃,sǎo,"(TV, 1) fegen, kehren"
1,zu,21,掃地,sǎo dì,"(VO) Boden fegen, auskehren"
1,zu,22,刷馬桶,shuā mǎ tǒng,(VO) Klo putzen
1,zu,23,數,shù,"(N) Zahl, Ziffer"
1,zu,24,叔叔,shū shu,"(N) Onkel, jüngerer Bruder des Vaters"
1,zu,25,姥爺/ 外公,lǎo ye/ wài gōng,(N) Großvater mütterlicherseits
1,zu,26,姥佬/ 外婆,lǎo lǎo/ wài pó,(N) Großmutter mütterlicherseits
1,zu,27,碗筷,wǎn kuài,(N) Schüsseln und Stäbchen; Geschirr und Besteck
1,zu,28,吸,xī,"(TV, 1) einatmen, saugen, absorbieren"
1,zu,29,吸地毯,xī dì tǎn,(VO) Staub saugen
1,zu,30,鞋子,xié zi,(N) Schuhe
1,zu,31,西方,xī fāng,(N) Westen
1,zu,32,洗碗,xǐ wǎn,"(VO) Geschirr spülen, abwaschen"
1,zu,33,爺爺,yé ye,"(N) Großvater väterlicherseits, Opa"
1,zu,34,整理,zhěng lǐ,"(TV, 1) aufräumen, Ordnung schaffen in"
1,zu,35,整理鞋子,zhěng lǐ xié zi,(VO) Schuhe verräumen
2,lek,1,擺攤位,bǎi tān wèi,(VO) einen Informations- oder Verkaufsstand aufbauen
2,lek,2,半天,bàn tiān,"(N) „halber Tag“: mehr oder weniger langer
Zeitraum, fünf Minuten, stundenlang"
2,lek,3,半夜,bàn yè,"(N) tiefe Nacht, Mitternacht"
2,lek,4,包括,bāo kuò,"(TV, 1) umfassen, einschließen"
2,lek,5,表示,biǎo shì,"(TV, 1) verlautbaren, erklären"
2,lek,6,表演,biǎo yǎn,"(TV, 1) aufführen, vorstellen; (N) Vorstellung"
2,lek,7,並且,bìng qiě,"(Konj) außerdem noch, dazu noch"
2,lek,8,必修,bì xiū,"(N) obligatorisch, vorgeschrieben"
2,lek,9,補,bǔ,"(TV, 1) hinzufügen, ausbessern, dazu nehmen"
2,lek,10,成立,chéng lì,"(TV, 1) eröffnen, begründen, einrichten"
2,lek,11,出來,chū lái,(IV) herauskommen
2,lek,12,出現,chū xiàn,"(IV) erscheinen, sich zeigen"
2,lek,13,達到,dá dào,"(TV, 1) erreichen, ankommen"
2,lek,14,隊,duì,"(N) Reihe; Team, Mannschaft; Armeetruppe"
2,lek,15,對… 有興趣,duì… yǒu xìng qù,"(TV, 1) sich interessieren für"
2,lek,16,煩惱,fán nǎo,"(N) Ärger, Umstände, Kümmernisse"
2,lek,17,分,fēn,"(TV, 1) teilen; (N) Teil"
2,lek,18,分爲,fēnwéi,"(TV, 1) geteilt durch"
2,lek,19,改善,gǎi shàn,"(TV, 1) verbessern"
2,lek,20,剛好,gāng hǎo,"(SV) gerade passend, gelegen"
2,lek,21,各種各樣,gè zhǒng gè yàng,"(SV) alle möglichen Sorten von, alle Varietäten"
2,lek,22,公立,gōng lì,"(B, Präfix) öffentlich, staatlich"
2,lek,23,規定,guī dìng,"(N) Vorschrift, Regel"
2,lek,24,好奇,hào qí,(SV) neugierig
2,lek,25,活動,huó dòng,"(N) Aktivität, Unternehmung, Plan"
2,lek,26,加簽,jiā qiān,"(VO) seine Unterschrift auf etwas setzen, unterschreiben, siegeln"
2,lek,27,減輕,jiǎn qīng,"(TV, 1) erleichtern"
2,lek,28,繳費,jiǎo fèi,(VO) Gebühren bezahlen
2,lek,29,交朋友,jiāo péng you,"(VO) Freundschaften schließen, Kontakte knüpfen"
2,lek,30,教練,jiào liàn,(N) Trainer
2,lek,31,教育部,jiào yù bù,(N) Erziehungsministerium
2,lek,32,加退選,jiā tuì xuǎn,(N) Belegen und Abwählen von Lehrveranstaltungen
2,lek,33,階段,jiē duàn,"(N) Abschnitt, Stufe"
2,lek,34,街舞,jiē wǔ,(N) Streetdance
2,lek,35,進步,jìn bù,(N) Fortschritt
2,lek,36,技巧,jì qiǎo,"(N) Trick, Kniff, Know-how"
2,lek,37,機制,jī zhì,"(N) maschinelles System, maschineller Ablauf"
2,lek,38,抗議,kàng yì,"(TV, 1) dagegen sein, protestieren"
2,lek,39,課程,kè chéng,"(N) Lehrveranstaltung, Kurseinheit"
2,lek,40,酷,kù,(SV) cool
2,lek,41,樂趣,lè qù,"(N) Spaß, Freude"
2,lek,42,連,lián,(Konj) sogar
2,lek,43,另外,lìng wài,"(Pron) ein weiterer, anderer"
2,lek,44,免,miǎn,"(TV, 1) vermeiden, ausweichen, entgehen"
2,lek,45,免費,miǎn fèi,"(SV) gebührenfrei sein, gratis"
2,lek,46,魔術,mó shù,"(N) Zauberei, Magie"
2,lek,47,某,mǒu,"(Pron) ein gewisser; irgendjemand, irgendetwas"
2,lek,48,廿,niàn,(Num) zwanzig
2,lek,49,派,pài,"(TV, 1) aussenden, hinschicken"
2,lek,50,排隊,pái duì,(VO) sich in einer Schlange anstellen
2,lek,51,培養,péi yǎng,"(TV, 1) heranbilden, ausbilden, erziehen"
2,lek,52,期間 (Met: 段),qíjiān (Met: duàn),"(N) Zeitspanne, Zeitraum"
2,lek,53,棋藝,qí yì,"(N) Spielkunst, hohe Kunst des Brettspiels"
2,lek,54,棋友,qí yǒu,(N) Schachpartner
2,lek,55,讓,ràng,"(TV, 1) zulassen, erlauben"
2,lek,56,熱門,rè mén,"(SV) modisch, populär, stark nachgefragt"
2,lek,57,人工,rén gōng,(N) per menschlicher Interaktion; künstlich
2,lek,58,神,shén,"(N) Geist, Gottheit"
2,lek,59,神奇,shén qí,"(SV) magisch, wie durch ein Wunder"
2,lek,60,甚至,shèn zhì,"(Adv) bis hin zu; selbst, gar"
2,lek,61,社團,shè tuán,"(N) studentische Vereinigung, Interessengruppe"
2,lek,62,說明,shuō míng,"(TV, 1) Erklärung, Gebrauchsanweisung"
2,lek,63,私立,sī lì,"(B, Präfix) privat-"
2,lek,64,私立大學,sī lì dà xué,"(N) private Hochschule, nichtstaatliche -"
2,lek,65,攤位,tān wèi,(N) Informations- oder Verkaufsstand
2,lek,66,同時,tóng shí,(N) zur gleichen Zeit
2,lek,67,忘掉,wàng diào,"(TV, 1) vergessen"
2,lek,68,為了,wèi le,"(Konj) um zu, für"
2,lek,69,下棋,xià qí,"(VO) Brettspiele [Schach, Go] spielen"
2,lek,70,校方,xiào fāng,(N) Universität / Schule als bürokratische Institution
2,lek,71,心動,xīn dòng,"(IV) begeistert sein, beeindruckt sein"
2,lek,72,新生,xīn shēng,(N) Freshman: Student im 1. Collegejahr
2,lek,73,吸引,xī yǐn,"(TV, 1) anziehen, attraktiv machen für"
2,lek,74,選擇,xuǎn zé,"(TV, 1) aussuchen, auswählen, herauspicken"
2,lek,75,學分,xué fēn,(N) Leistungspunkt
2,lek,76,學分數,xué fēn shù,(N) Anzahl der Leistungspunkte
2,lek,77,有時候,yǒu shí hou,(Adv) manchmal
2,lek,78,指導,zhǐ dǎo,"(TV, 1) anleiten, ausbilden, Weg weisen"
2,lek,79,只有,zhǐ yǒu,(Konj) nur wenn
2,üb,1,報關,bào guān,"(IV) beim Zoll deklarieren, verzollen"
2,üb,2,比不上,bǐ bú shàng,"(VK) nicht vergleichen können, nicht vergleichbar
sein"
2,üb,3,大提琴,dà tí qín,(N) Cello
2,üb,4,簡單,jiǎn dān,"(SV) einfach, simpel, unkompliziert"
2,üb,5,寬,kuān,"(SV) weit, breit"
2,üb,6,李英,lǐ yīng,(N) Li Ying
2,üb,7,理想,lǐ xiǎng,"(N) Ideal; (SV) ideal, am besten geeignet, perfekt"
2,üb,8,旅遊,lǚ yóu,"(IV) reisen, auf Reisen gehen"
2,üb,9,年紀,nián jì,"(N) Lebensalter, Alter"
2,üb,10,篇,piān,"(Met) für Aufsätze, Artikel, Prosastücke"
2,üb,11,認真,rèn zhēn,"(SV) ernsthaft, gewissenhaft, gründlich"
2,üb,12,態度,tài du,"(N) Einstellung zu, Verhalten, Benehmen"
2,üb,13,外語,wài yǔ,(N) Fremdsprache
2,üb,14,約會,yuē huì,"(N) Verabredung, Treffen, Date"
2,zu,1,病理學,bìng lǐ xué,(N) Pathologie
2,zu,2,成績,chéng jī,"(N) Resultat, Ergebnis, Note"
2,zu,3,成績單,chéng jī dān,"(N) Leistungsnachweis, Leistungsschein"
2,zu,4,城鄉,chéng xiāng,"(N) Stadt und Land, Städte und Dörfer, urban und rural"
2,zu,5,電機,diàn jī,"(N) Elektromotor, elektronisch"
2,zu,6,電機資訊學,diàn jī zī xùn xué,(N) Elektronik und Informatik (Studienfach)
2,zu,7,地理,dì lǐ,(N) Geographie
2,zu,8,地理環境,dì lǐ huán jìng,"(N) geographisches Umfeld, naturräumliche Umwelt"
2,zu,9,地質,dì zhí,"(N) Geologie, geologische Ausstattung"
2,zu,10,地質學,dì zhí xué,(N) Geologie (als Wissenschaft)
2,zu,11,毒理學,dú lǐ xué,(N) Toxikologie
2,zu,12,多媒體,duō méi tǐ,"(N) Multimedia- , multimedial"
2,zu,13,法律,fǎ lǜ,"(N) positives Recht, Gesetz"
2,zu,14,法律學,fǎ lǜ xué,"(N) Rechtswissenschaft, Jura"
2,zu,15,方式,fāng shì,"(N) Methode, Stil, Art und Weise"
2,zu,16,分子,fēn zǐ,(N) Divisor; Molekül
2,zu,17,分子醫學,fēn zǐ yī xué,(N) Molekularmedizin
2,zu,18,工程學,gōng chéng xué,(N) Ingenieurswesen
2,zu,19,環境,huán jìng,"(N) Umfeld, Umwelt; öko-"
2,zu,20,環境資源,huán jìng zī yuán,"(N) Umweltressourcen, Environmental resources"
2,zu,21,暨,jì,"(Konj) sowie, und; bis hin zu"
2,zu,22,建築,jiàn zhù,"(N) Bau, Architektur; (TV, 1) erbauen"
2,zu,23,建築學,jiàn zhù xué,(N) Architektur
2,zu,24,解剖,jiě pōu,"(TV, 1) sezieren"
2,zu,25,解剖學,jiě pōu xué,(N) Anatomie
2,zu,26,機械,jī xiè,"(N) Maschine; maschinell, automatisch"
2,zu,27,機械工程學,jī xiè gōng chéng xué,(N) Maschinenbau (Studienfach)
2,zu,28,科目,kē mù,"(N) wissenschaftliches Fachgebiet, Disziplin"
2,zu,29,媒體,méi tǐ,"(N) Medium, Medien"
2,zu,30,免疫,miǎn yì,"(N) Immunität (med.), immun gegen"
2,zu,31,免疫學,miǎn yì xué,(N) Immunologie
2,zu,32,名稱,míng chēng,"(N) Name, Bezeichnung"
2,zu,33,人類,rén lèi,"(N) Menschheit; Anthropo- , anthropologisch"
2,zu,34,人類學,rén lèi xué,(N) Anthropologie
2,zu,35,生物,shēng wù,"(N) Lebewesen, Organismus, bio-"
2,zu,36,生物學,shēng wù xué,(N) Biologie
2,zu,37,天文,tiān wén,(N) Astronomie
2,zu,38,天文物理學,tiān wén wù lǐ xué,(N) Astrophysik
2,zu,39,提到,tí dào,"(TV, 1) auf etwas zu sprechen kommen, erwähnen; anspielen, zum Thema machen"
2,zu,40,土木工程學,tǔ mù gōng chéng xué,"(N) Bauingenieurswesen, Bauingenieur (Studienfach)"
2,zu,41,圖書資訊學,tú shū zī xùn xué,(N) Bibliotheks- und Informationswesen
2,zu,42,物理,wù lǐ,"(N) Gesetzmäßigkeit der Objekte, Physik, physikalisch"
2,zu,43,物理學,wù lǐ xué,(N) Physik
2,zu,44,細胞,xì bāo,"(N) Körperzelle, biologische Zelle"
2,zu,45,細胞生物學,xì bāo shēng wù xué,(N) Zellbiologie
2,zu,46,戲劇,xì jù,"(N) Schauspiel, Drama, Theaterstück"
2,zu,47,戲劇學,xì jù xué,(N) Theaterwissenschaft
2,zu,48,心理,xīn lǐ,"(N) Psyche, psychologisch"
2,zu,49,心理學,xīn lǐ xué,(N) Psychologie
2,zu,50,牙,yá,(N) Zahn
2,zu,51,牙醫,yá yī,"(N) Zahnarzt, Dentist"
2,zu,52,牙醫學,yá yī xué,(N) Dentologie
2,zu,53,研究,yán jiū,"(TV, 1) erforschen, wissenschaftlich bearbeiten; (N) Forschungen"
2,zu,54,研究所,yán jiū suǒ,"(N) Graduate Institute, Institut für Aufbaustudiengänge (MA,PhD), Forschungsinstitut"
2,zu,55,醫學,yī xué,(N) Medizin
2,zu,56,政治,zhèng zhì,(N) Politik
2,zu,57,政治學,zhèng zhì xué,(N) Politologie
2,zu,58,哲學,zhé xué,(N) Philosophie
2,zu,59,腫瘤,zhǒng liú,"(N) Tumor, Geschwulst"
2,zu,60,腫瘤學,zhǒng liú xué,(N) Onkologie
2,zu,61,資訊,zī xùn,(N) Information
2,zu,62,資訊工程學,zī xùn gōng chéng xué,"(N) Informatik, Informationstechnologie (Studienfach)"
2,zu,63,資訊學,zī xùn xué,(N) Informatik
2,zu,64,資源,zī yuán,(N) natürliche Ressourcen
3,lek,1,安全,ān quán,(N) Sicherheit
3,lek,2,博愛,bó ài,"(N) allumfassende Liebe, Humanität [Mòzǐ 墨子]"
3,lek,3,博愛座,bó ài zuò,"(N) reservierte Sitzplätze im Nahverkehr für Ältere, Behinderte, Schwangere, Frauen mit kleinen Kindern"
3,lek,4,不得了,bù dé liǎo,"(SV) unerträglich, nicht auszuhalten"
3,lek,5,長龍,cháng lóng,"(N) endlose Reihe von Personen, Fahrzeugen etc. („langer Drache“)"
3,lek,6,潮,cháo,"(N) Flutwelle, Woge, Ansturm"
3,lek,7,稱為,chēng wéi,"(TV, 1) genannt werden, benennen"
3,lek,8,出海,chū hǎi,(VO) ins Meer münden (Gewässer); auslaufen (Schiffe)
3,lek,9,春節,chūn jié,"(N) Frühlingsfest, chinesisches Neujahrsfest (Ende Januar / Anfang Februar)"
3,lek,10,大部分,dà bù fēn,(N) Hauptanteil
3,lek,11,大隊,dà duì,"(N) große Anzahl von, Truppengeschwader, Brigade"
3,lek,12,淡水,dàn shuǐ,"(N) Stadt Danshui an der Pazifikmündung des gleichnamigen Flusses im Landkreis Taibei, Endstation einer Metro-Linie"
3,lek,13,淡水河,dàn shuǐ hé,(N) Danshui; Tamsui River
3,lek,14,淡水老街,dàn shuǐ lǎo jiē,(N) die historische Ladenstraße von Danshui
3,lek,15,淡水站,dàn shuǐ zhàn,(N) MRT-Bahnhof Danshui
3,lek,16,到家,dào jiā,(VO) zu Hause ankommen
3,lek,17,等不及,děng bù jí,(VK) nicht erwarten können
3,lek,18,隊伍(Met. 支),duì wǔ(Met. zhī),"(N) Truppe, Mannschaft"
3,lek,19,返鄉,fǎn xiāng,(VO) in seinen Heimatort zurückfahren
3,lek,20,風雨無阻,fēng yǔ wú zǔ,(Idiom) ungeachtet Wind und Regen
3,lek,21,公路,gōng lù,"(N) öffentliche Straße, Verkehrsweg"
3,lek,22,管理,guǎn lǐ,"(TV, 1) verwalten, organisieren, administrieren"
3,lek,23,廣東省,guǎng dōng shěng,(N) Provinz Guangdong
3,lek,24,鼓勵,gǔ lì,"(TV, 1) motivieren, anspornen, ermuntern"
3,lek,25,過年,guò nián,(VO) das Neujahrsfest verbringen
3,lek,26,故意,gù yì,"(SV) mit Absicht, vorsätzlich"
3,lek,27,河 (Met. 條),hé (Met. tiáo),"(N) Fluss, Strom"
3,lek,28,懷孕,huái yùn,(SV) schwanger sein
3,lek,29,華人,huá rén,(N) Chinesen
3,lek,30,擠,jǐ,"(SV) gedrängt, dicht, überfüllt"
3,lek,31,家鄉,jiā xiāng,(N) Heimatort
3,lek,32,機車,jī chē,"(N) Motorrad, Motorroller"
3,lek,33,節日,jié rì,"(N) Festtag, Feiertag"
3,lek,34,警察,jǐng chá,"(N) Polizei, Polizist"
3,lek,35,警方,jǐng fāng,(N) Polizeibehörde
3,lek,36,盡頭,jìn tóu,"(N) Endpunkt, Limit"
3,lek,37,進行,jìn xíng,"(TV, 1) durchführen, ausführen, weitermachen; (IV) vor sich gehen"
3,lek,38,肯定,kěn dìng,"(IV) zustimmen, bestätigen"
3,lek,39,空位,kōng wèi,"(N) freier Platz, unbesetzter Sitzplatz"
3,lek,40,快速,kuài sù,"(SV) schnell, mit hoher Geschwindigkeit"
3,lek,41,兩岸,liǎng àn,(N) beide Uferseiten; an beiden Ufern
3,lek,42,理由,lǐ yóu,"(N) Ursache, Grund, Erklärung"
3,lek,43,罵,mà,"(TV, 1) beschimpfen"
3,lek,44,美麗,měi lì,"(SV) schön, ausgewählt"
3,lek,45,摩托 車,mó tuō chē,"(N) Motorrad, Motorroller"
3,lek,46,年輕,nián qīng,"(SV) jung, jugendlich"
3,lek,47,農民工,nóng mín gōng,(N) Wanderarbeiter vom Land
3,lek,48,騎士,qí shì,(N) Motorradfahrer
3,lek,49,女人,nǚ rén,(N) Frau
3,lek,50,噢,òu,(Inter!.) ach so! tatsächlich!
3,lek,51,人次,rén cì,"(N) Anzahl der Teilnehmer, Besucher"
3,lek,52,人 口,rén kǒu,"(N) Population, Bevölkerung"
3,lek,53,日落,rì luò,(N) Sonnenuntergang
3,lek,54,省錢,shěng qián,(VO) Geld sparen
3,lek,55,設置,shè zhì,"(TV, 1) einrichten, aufbauen, bereitstellen"
3,lek,56,士林,shì lín,"(N) Shilin, nördlicher Stadtbezirk von Taibei"
3,lek,57,室友,shì yǒu,(N) Mitbewohner(in)
3,lek,58,特殊,tè shū,"(SV) besonders, außerordentlich, spezifisch"
3,lek,59,提到,tí dào,"(TV, 1) auf etwas zu sprechen kommen, erwähnen; anspielen, zum Thema machen"
3,lek,60,提供,tí gōng,"(TV, 1) zur Verfügung stellen, bereitstellen"
3,lek,61,體驗,tǐ yàn,"(TV, 1) erfahren, sich durch die Praxis aneignen, am eigenen Leibe erleben"
3,lek,62,無心之過,wú xīn zhī guò,"(Idiom) ohne böse Absicht, unabsichtlich"
3,lek,63,小心,xiǎo xīn,(SV) vorsichtig
3,lek,64,行李(Met.:件),xíng lǐ(Met.:jiàn),(N) Gepäck
3,lek,65,新年,xīn nián,(N) das chinesische Neujahrsfest
3,lek,66,修車,xiū chē,"(VO) Fahrzeuge reparieren, Reparatur"
3,lek,67,休息點,xiū xí diǎn,"(N) Rastplatz, Rastpunkt"
3,lek,68,眼光,yǎn guāng,"(N) Auge, Blick; Weitblick, Perspektive"
3,lek,69,億,yì,(Num) 10.000x10.000=100.000.000
3,lek,70,移動,yí dòng,"(TV, 1) versetzen, verlegen, an eine andere Stelle bringen; Verlagerung, Bewegung"
3,lek,71,一路平安,yí lù píng ān,(Idiom) Gute Reise!
3,lek,72,意思,yì si,"(N) Sinn, Bedeutung"
3,lek,73,有名,yǒu míng,"(SV) berühmt, bekannt"
3,lek,74,悠遊卡,yōu yóu kǎ,"(N) Abonnementkarte (für das Nahverkehrsnetz), wiederaufladbare Chipkarte für Fahrten mit Metro und Bus im MRT Taibei"
3,lek,75,玉,yù,"(N) Nephrit, Jade"
3,lek,76,約,yuē,(Adv.) ungefähr
3,lek,77,運輸,yùn shū,"(TV, 1) transportieren, befördern; (N) Transport"
3,lek,78,玉容,yù róng,(N) Yurong (Name)
3,lek,79,載,zài,"(TV, 1) einladen, beladen mit, befördern"
3,lek,80,終點站,zhōng diǎn zhàn,(N) Endstation
3,lek,81,狀況,zhuàng kuàng,"(N) Lage, Zustände, Bedingungen"
3,lek,82,最後,zuì hòu,"(N) zum Schluss, letztendlich"
3,üb,1,大人,dà ren,(N) Erwachsener
3,üb,2,懂得,dǒng de,"(TV, 1) begreifen, etwas verstehen von"
3,üb,3,罐,guàn,"(N) Dose, Büchse, Kanne, Konserve; (Met) für Waren in Dosen und Konserven"
3,üb,5,環境,huán jìng,"(N) Umwelt, Umfeld"
3,üb,6,價格,jià gé,"(N) Warenpreis, Preis"
3,üb,7,品質,pǐn zhì,"(N) Qualität; Wesen, Eigenart"
3,üb,8,搶,qiǎng,"(TV, 1) wegschnappen, rauben"
3,üb,9,搶馬路,qiǎng mǎ lù,"(VO) Vorfahrt nehmen, drängeln, schneiden"
3,üb,10,缺點,quē diǎn,(N) Nachteil
3,üb,11,生產,shēng chǎn,"(TV, 1) produzieren; (N) Produktion"
3,üb,12,溫和,wēn hé,"(SV) mild, friedlich, moderat, sanft"
3,üb,13,優點,yōu diǎn,"(N) Vorzug, Stärke"
3,üb,14,願意,yuàn yì,"(Aux) wollen, wünschen"
3,üb,15,主要,zhǔ yào,"(SV) hauptsächlich, zentral, essentiell"
4,wi,1,扮,bàn,"(TV, 1) sich verkleiden als, sich herausputzen"
4,wi,2,幫助,bāng zhù,"(TV, 1) helfen"
4,wi,3,扮演,bàn yǎn,"(TV, 1) eine Rolle spielen, Rolle übernehmen von"
4,wi,4,便利,biàn lì,"(SV) günstig, bequem"
4,wi,5,病人,bìng rén,(N) Patient(in)
4,wi,6,不然,bù rán,"(Konj) andernfalls, sonst"
4,wi,7,乘客,chéng kè,"(N) Fahrgast, Passagier"
4,wi,,大城市,dà chéng shì,(N) Großstadt
4,wi,9,方式,fāng shì,"(N) Manier, Art und Weise, Modus, Methode"
4,wi,10,各式各樣,gè shì gè yàng,"(SV) alles Mögliche, bunt gemischt, vielfältig"
4,wi,11,廣播,guǎng bō,"(N) Ansage über Lautsprecher, Radio"
4,wi,12,寂寞,jì mò,"(SV) einsam, allein gelassen"
4,wi,13,角色,jué sè,(N) Rolle (Theater)
4,wi,14,角色扮演,jué sè bàn yǎn,(N) Rollenspiel
4,wi,15,李琳,lǐ lín,(N) Li Lin
4,wi,16,李偉,lǐ wěi,(N) Li Wei
4,wi,17,了解,liǎo jiě,"(TV, 1) begreifen, erkennen; Ahnung haben von"
4,wi,18,料理,liào lǐ,"(N) [jap.] ryōri: Speisen, Spezialitätenküche"
4,wi,19,南下,nán xià,"(IV) nach Süden fahren, Richtung Süden"
4,wi,20,努力,nǔ lì,"(SV) angestrengt, fleißig"
4,wi,21,排行,pái háng,"(TV, 1) in einer Altersreihe von Geschwistern
einen Platz einnehmen; (N) Altersreihenfolge von Geschwistern"
4,wi,22,期待,qī dài,"(TV, 1) sich herbeiwünschen, sehnsüchtig warten auf"
4,wi,23,期末,qī mò,"(N) Semesterschluss, Semesterende"
4,wi,24,期末考,qī mò kǎo,(N) Semesterabschlussklausur
4,wi,25,如何,rú hé,(Pron) wie? auf welche Weise?
4,wi,26,探望,tàn wàng,"(TV, 1) Ausschau halten nach; nach dem
Rechten sehen bei; besuchen (Verwandte)"
4,wi,27,提早,tí zǎo,"(TV, 1) vorziehen, im Voraus tun"
4,wi,28,外甥女,wài shēng nǚ,(N) Nichte (Tochter der Schwester
4,wi,29,外孫女,wài sūn nǚ,(N) Enkelin (Tochter der Tochter)
4,wi,30,王明,wáng míng,(N) Wang Ming
4,wi,31,新店,xīn diàn,"(N) Xindian (Stadt südlich von Taibei, MRT- Station)"
4,wi,32,演出,yǎn chū,"(N) Aufführung, Darbietung; (TV, 1) aufführen"
4,wi,33,引導,yǐn dǎo,"(TV, 1) anleiten, führen"
4,wi,34,有些,yǒu xiē,"(Pron) ein paar, einige"
4,wi,35,原因,yuán yīn,"(N) Grund, Ursache"
4,wi,36,增加,zēng jiā,"(TV, 1) hinzufügen, vermehren; (N) Zuwachs"
5,lek,1,報告,bào gào,"(N) Reportage, Hausarbeit, Referat"
5,lek,2,不管,bù guǎn,"(Konj.) ungeachtet von, trotz"
5,lek,3,超過,chāo guò,"(TV, 1) übertreffen, überholen"
5,lek,4,成年人,chéng nián rén,(N) Erwachsener
5,lek,5,成為,chéng wéi,"(TV, 1) werden zu, sich wandeln in"
5,lek,6,成癮,chéng yǐn,(TV) zur Sucht werden
5,lek,7,沉迷,chén mí,"(IV) abtauchen in, untergehen in; verwirrt sein durch"
5,lek,8,電玩,diàn wán,(N) Computerspiele
5,lek,9,賭博,dǔ bó,(N) Glücksspiel
5,lek,10,反對,fǎn duì,"(TV, 1) opponieren, dagegen sein"
5,lek,11,放鬆,fàng sōng,"(TV, 1) lockern, (IV) sich entspannen"
5,lek,12,發展,fā zhǎn,"(TV, 1) entwickeln, weiterbringen; (IV) sich entwickeln, besser werden; (N) Fortschritt, Entwicklung"
5,lek,13,負面,fù miàn,"(N) Kehrseite, negativer Einfluss, negativ-"
5,lek,14,關心,guān xīn,"(TV, 1) sich kümmern um, besorgt sein um, in Betracht ziehen"
5,lek,15,國界,guó jiè,"(N) Staatsgrenzen, Landesgrenzen"
5,lek,16,過去,guò qù,(IV) vergehen (Zeit); (N) vergangenes
5,lek,17,好處,hǎo chǔ,(N) Vorteil
5,lek,18,懷念,huái niàn,"(TV, 1) sich sehnen nach, im Sinn haben"
5,lek,19,或許,huò xǔ,(Adv.) möglicherweise
5,lek,20,家庭主婦,jiā tíng zhǔ fù,(N) Hausfrau
5,lek,21,戒掉,jiè diào,"(TV, 1) loswerden, sich lösen von / sich etwas abgewöhnen (z.B. Rauchen)"
5,lek,22,節目,jié mù,"(N) Programm, Programmpunkt"
5,lek,23,幾乎,jī hū,"(Adv.) fast, beinahe"
5,lek,24,經常,jīngcháng,"(Adv) häufig, normal, alltäglich"
5,lek,25,儘管,jǐn guǎn,"(Konj) ungeachtet, trotz, obwohl"
5,lek,26,即時通訊軟體,Jí shí tōng xùn ruǎn tǐ,"(N) Instant messaging software (Skype, WhatsApp usw.)"
5,lek,27,靠,kào,"(CV) gestützt auf, in, durch"
5,lek,28,科技,kē jì,(N) Naturwissenschaft und Technik
5,lek,29,聯絡,lián luò,"(TV, 1) sich in Verbindung setzen mit; (N) Kontakt"
5,lek,30,理解,lǐ jiě,"(TV, 1) verstehen, begreifen; (N) Auffassung"
5,lek,31,寧願,nìng yuàn,"(Konj.) lieber; (Aux) lieber wollen, etwas vorziehen"
5,lek,32,青少年,qīng shào nián,(N) Jugendlicher
5,lek,33,卻,què,"(Adv.) aber, jedoch"
5,lek,34,上床,shàng chuáng,(VO) ins Bett gehen
5,lek,35,上癮,shàng yǐn,(VO) süchtig werden nach
5,lek,36,上班族,shàng bān zú,(N) die Workaholics
5,lek,37,身體,shēn tǐ,"(N) Körper, Gesundheit"
5,lek,38,收音,shōu yīn,(VO) Musik empfangen; Raumakustik
5,lek,39,受不了,shòu bù liǎo,"(VK) unerträglich, unmöglich, nicht auszuhalten"
5,lek,40,收音機,shōu yīn jī,"(N) Tuner, Radioempfänger"
5,lek,41,私事,sī shì,"(N) Privatangelegenheiten, Privatsache"
5,lek,42,統計,tǒng jì,(N) Statistik
5,lek,43,痛苦,tòng kǔ,"(SV) schmerzhaft; eine Plage, ein Leid sein"
5,lek,44,網站,wǎng zhàn,(N) Internetseite
5,lek,45,五花八門,wǔ huā bā mén,(Idiom) in unübersichtlicher Vielfalt
5,lek,46,無精打采,wú jīng dǎ cǎi,(Idiom) lustlos und niedergeschlagen
5,lek,47,現代,xiàn dài,"(N) Moderne, modern"
5,lek,48,享受,xiǎng shòu,"(TV, 1) genießen, rezipieren, sehen, hören"
5,lek,49,顯示,xiǎn shì,"(TV, 1) darlegen, demonstrieren, aufzeigen"
5,lek,50,消息,xiāo xí,"(N) Meldung, Nachricht, Information"
5,lek,51,心情,xīn qíng,"(N) Stimmung, Gefühl, Laune"
5,lek,52,夜以繼日,yè yǐ jì rì,(Idiom) rund um die Uhr
5,lek,53,因此,yīn cǐ,(Konj.) deshalb
5,lek,54,遊戲,yóu xì,"(N) Spiel, speziell Computerspiel"
5,lek,55,遊戲網站,yóu xì wǎng zhàn,(N) Internet-Plattform für Computerspiele
5,lek,56,原本,yuán běn,"(N) Urfassung, Vorlage; (Adv.) ursprünglich"
5,lek,57,終於,zhōng yú,"(Adı.) zum Schluss, schließlich, endlich"
5,lek,58,專家,zhuān jiā,"(N) Spezialist, Fachmann für"
5,lek,59,準時,zhǔn shí,(SV) pünktlich
5,lek,60,資料,zī liào,(N) Materialien
5,lek,61,總是,zǒng shì,"(Adv.) stets, immer, gewöhnlich"
5,üb,1,不合,bù hé,"(SV) unpassend, unvereinbar mit"
5,üb,2,吵架,chǎo jià,"(VO) sich herumstreiten, sich zanken"
5,üb,3,出口,chū kǒu,"(N) Ausgang; Export; (TV, 1) exportieren"
5,üb,4,戒除,jiè chú,"(TV, 1) verzichten auf, sich lösen von; (N) Verzicht"
5,üb,5,接著,jiē zhe,"(TV, 1) sich anschließen; (Adv, CV) im Anschluss an"
5,üb,6,藉著,jiè zhe ,(CV) unter dem Vorwand von
5,üb,7,就算,jiù suàn,(Konj) selbst wenn
5,üb,8,控制,kòng zhì,"(TV, 1) kontrollieren, beherrschen, steuern"
5,üb,9,聯繫/聯係,lián xì/lián xì,"(TV, 1) Kontakt aufnehmen mit; (N) Verbindung"
5,üb,10,取消,qǔ xiāo,"(TV, 1) abschaffen, beseitigen, annullieren"
5,üb,11,搜尋,sōu xún,"(TV, 1) durchsuchen, durchkämmen; (N) Suche"
5,üb,12,所有的,suǒ yǒu de,"(Pron) sämtliche, alle"
5,üb,13,像是,xiàng shì,(Adv) anscheinend
5,üb,14,只好,zhǐ hǎo,"(Adv) nichts anderes übrigbleiben als, am besten"
5,üb,15,只要,zhǐ yào,"(Konj) [nur] wenn, unter der Bedingung dass"
5,zu,1,辯論,biàn lùn,"(TV, 1) [in These und Gegenthese] erörtern, debattieren; (N) Debatte"
5,zu,2,播出,bō chū,"(TV, 1) senden, ausstrahlen [Radio, TV]"
5,zu,3,重播,chóng bō,"(N) wiederholte Ausstrahlung, Wiederholung (TV)"
5,zu,4,精靈,jīng líng,"(N) Geist, Kobold; Elfe, Fee"
5,zu,5,藍,lán,"(SV) indigofarben, blau"
5,zu,6,擂台,lèi tái,"(N) Arena, Kampfplatz"
5,zu,7,另一方面,lìng yì fāng miàn,"(N) andererseits, auf der anderen Seite"
5,zu,8,天下,tiān xià,"(N) die ganze Welt, die Ökumene"
5,zu,9,脫口秀,tuō kǒu xiù,(N) Talkshow
5,zu,10,星戰擂台,xīng zhàn lèi tái,"(N) Krieg der Sterne, Star Wars (Movie)"
5,zu,11,辛普森家庭,xīn pǔ sēn jiā tíng,(N) Die Simpsons (TV-Serie)
5,zu,12,秀,xiù,(N) Show (engl.)
5,zu,13,慾望,yù wàng,"(N) Lust, Begierde"
5,zu,14,慾望城市,yù wàng chéng shì,(N) Sex and the City (TV-Serie)
5,zu,15,贊成,zàn chéng,"(TV, 1) zustimmen, beipflichten"
5,zu,16,政府,zhèng fǔ,(N) Regierung
5,zu,17,貞觀,zhēn guàn,"(N) „Loyaler Ausblick“: Regierungsdevise vom 23.1.627 bis 6.2.650 des Tang-Kaisers Tàizōng 太宗 (Lǐ Shìmín 李世民, 599-10.7.649)"
5,zu,18,貞觀之治,zhēn guàn zhī zhì,(N) „Regierung der Tang-Epoche Zhenguän“: 50- teilige TV-Serie aus der VR China
5,zu,19,自由,zì yóu,(N) Freiheit
6,lek,1,安靜,ān jìng,"(SV) ruhig, still"
6,lek,2,白天,bái tiān,"(N) hellichter Tag, tagsüber"
6,lek,3,飽,bǎo,"(SV) satt gegessen, satt sein"
6,lek,4,不妨,bù fáng,"(Adv) es schadet nichts, wenn ..."
6,lek,5,部分,bù fen,"(N) Teil, Anteil, Portion"
6,lek,6,差得遠,chà de yuǎn,"(VK) weit entfernt sein von, viel fehlen an"
6,lek,7,茶館,chá guǎn,(N) Teehaus
6,lek,,成都,chéng dū,"(N) Chengdu, Hauptstadt der Provinz Sichuan"
6,lek,9,成語,chéng yǔ,"(N) feste Redewendung, Sprichwort, Zitat"
6,lek,10,吃到飽,chī dào bǎo,"(VK) gut sattgegessen sein, all you can eat"
6,lek,11,出名,chū míng,"(SV) berühmt, weitbekannt"
6,lek,12,當地,dāng dì,"(N) Region, hiesige Gegend; örtlich, Orts-"
6,lek,13,道路,dào lù,"(N) Straße, Weg"
6,lek,14,大顛身手,dà diān shēn shǒu,(Idiom) sein ganzes Können unter Beweis stellen
6,lek,15,大自然,dà zì rán,(N) Natur
6,lek,16,而已,ér yǐ,"(Part) und damit ist alles gesagt, nur"
6,lek,17,發瘋,fā fēng,"(VO) verrückt werden, einen Anfall haben"
6,lek,18,發洩,fā xiè,(VO) seinen Missmut auslassen an
6,lek,19,飛行傘,fēi xíng sǎn,(N) Paraglider
6,lek,20,高速公路,gāo sù gōng lù,(N) Autobahn
6,lek,21,好不容易,hǎo bù róng yì,(Adv) mit Müh und Not
6,lek,22,好像,hǎo xiàng,"(TV, 1) so aussehen als ob, scheinen"
6,lek,23,合適,hé shì,"(SV) geeignet, passend"
6,lek,24,滑雪,huá xuě,(VO) Ski laufen
6,lek,25,環保,huán bǎo,(N) Umweltschutz
6,lek,26,或是,huò shì,(Adv) oder
6,lek,27,戶外,hù wài,"(N) draußen, Outdoor"
6,lek,28,既…又…,jì…yòu…,(Konj) sowohl ... als auch
6,lek,29,健康,jiàn kāng,(N) Gesundheit; (SV) gesund
6,lek,30,郊區,jiāo qū,"(N) Vorstadt, Außenbezirke der Stadt"
6,lek,31,假日,jiǎ rì,(N) Feiertag
6,lek,32,加上,jiā shàng,"(TV, 1) hinzufügen, dazukommen"
6,lek,33,擠滿,jǐ mǎn,"(SV) überfüllt, gedrängt voll"
6,lek,34,開心,kāi xīn,"(SV) freudig, gut gelaunt, fröhlich"
6,lek,35,客人,kè rén,(N) Gast
6,lek,36,誇獎,kuā jiǎng,"(TV, 1) hochloben, preisen, herausheben"
6,lek,37,流行,liú xíng,"(SV) modisch, aktuell, verbreitet, beliebt"
6,lek,38,露營,lù yíng,"(IV) Camping machen, zelten"
6,lek,39,泡茶,pào chá,"(VO) Tee zubereiten, Tee aufbrühen"
6,lek,40,普遍,pǔ biàn,"(SV) universell, allgemeingültig, weit verbreitet"
6,lek,41,氣氛,qì fēn,"(N) Stimmung, Atmosphäre"
6,lek,42,情緒,qíng xù,"(N) Laune, Stimmung, seelische Verfassung"
6,lek,43,其實,qí shí,"(N, Adv) in Wirklichkeit, real"
6,lek,44,期中考,qí zhōng kǎo,"(N) Test während des Semesters, Mid-term cxam"
6,lek,45,若是,ruò shì,"(Konj) wenn, falls"
6,lek,46,傘,sǎn,"(N) Schirm, speziell Regenschirm"
6,lek,47,社交,shè jiāo,"(IV) kommunikativ sein, sozial, interaktiv"
6,lek,48,身手,shēn shǒu,"(N) Talent, Fähigkeiten"
6,lek,49,室內,shì nèi,"(N) innen, Indoor"
6,lek,50,算是,suàn shì,"(TV, 1) zählen als, gelten können als"
6,lek,51,特色,tè sè,"(N) Besonderheit, Eigenart"
6,lek,82,痛快,tòng kuài,"(SV) zufrieden, glücklich"
6,lek,53,痛痛快快,tòng tòng kuài kuài,(SV) überglücklich und ausgelassen
6,lek,54,夏天,xià tiān,(N) Sommer
6,lek,55,休閒,xiū xián,"(IV) Muße haben, frei haben; Freizeit-"
6,lek,56,沿著,yán zhe,"(CV) längs, entlang von"
6,lek,57,夜晚,yè wǎn,"(N) Abend, nach Einbruch der Dunkelheit"
6,lek,58,一部分,yí bù fen,"(N) ein Teilstück, eine Portion"
6,lek,59,音樂會,yīn yuè huì,(N) Konzert
6,lek,60,娛樂,yú lè,"(N) Spaß, Unterhaltung, Erholung"
6,lek,61,中老年人,zhōng lǎo nián rén,(N) Leute der mittleren und älteren Genration
6,lek,62,自行車 專用道路,zì xíng chē zhuān yòng dào lù,"(N) beschilderter Radwanderweg, Strecke nur für Radfahrer"
6,üb,1,比例,bǐ lì,"(N) Maßstab, Proportion, Größenverhältnis"
6,üb,2,菜色,cài sè,(N) Farbe eines Lebensmittels
6,üb,3,到底,dào dǐ,"(Adv) überhaupt, eigentlich, letztendlich"
6,üb,4,調查,diào chá,"(TV, 1) untersuchen, ermitteln; (N) Erhebung"
6,üb,5,短,duǎn,(SV) kurz
6,üb,6,份,fèn,(Met) für ein- oder zugeteiltes: 這份工作
6,üb,7,黃,huáng,"(SV) lössfarben: gelb, braun"
6,üb,8,急著,jí zhe,"(TV, 1) ungeduldig erwarten, brennen auf"
6,üb,9,露,lù,(N) Tau [Niederschlag]
6,üb,10,民眾,mín zhòng,"(N) Volk, Bevölkerung"
6,üb,11,破壞,pò huài,"(IV) kaputtgehen; (TV, 1) kaputtmachen, zerstören"
6,üb,12,順利,shùn lì,"(SV) glatt, reibungslos, ohne Probleme"
6,üb,13,要是,yào shi,"(Konj) wenn, falls"
6,zu,1,編曲,biān qǔ,(VO) Musikarrangement
6,zu,2,編號,biān hào,"(N) laufende Nummer, Seriennummer"
6,zu,3,標準,biāo zhǔn,"(N) Standard, Norm"
6,zu,4,標準舞,biāo zhǔn wǔ,(N) Standardtanz
6,zu,5,壁球,bì qiú,"(N) Squash, Pelota"
6,zu,6,不移,bù yí,"(SV) unverrückbar, unwandelbar"
6,zu,7,臭,chòu,"(SV) stinken, widerlich riechend"
6,zu,8,傳,chuán,"(TV, 1) überliefern, tradieren"
6,zu,9,代表,dài biǎo,"(TV, 1) vertreten, verkörpern, für etwas stehen"
6,zu,10,兒童,ér tóng,"(N) Kind, Junge; Kinder"
6,zu,11,飛輪,fēi lún,"(N) Schwungrad; Fahrradtrainer, Fitness-Bike"
6,zu,12,非洲,fēi zhōu,(N) Afrika
6,zu,13,公益,gōng yì,"(N) Gemeinwohl, Gemeinnutz; Non-profit-"
6,zu,14,公益課程,gōng yì kè chéng,(N) gebührenfreier Kurs
6,zu,15,盧東尼,lú dōng ní,(N) Lu Dongni
6,zu,16,秘傳,mì chuán,"(N) Geheimtradition, Geheimlehre"
6,zu,17,拿起來,ná qǐ lái,"(VK) hochnehmen, in die Hand nehmen"
6,zu,18,攀岩,pān yán,"(VO) Felsklettern, Sportklettern"
6,zu,19,如今,rú jīn,"(N) Gegenwart, gegenwärtig"
6,zu,20,身心,shēn xīn,(N) Körper und Geist; psychosomatisch —
6,zu,21,身心靈,shēn xīn líng,(N) psychosomatische Feinstofflichkeit
6,zu,22,食物,shí wù,"(N) Essen, Mahlzeit, Speise"
6,zu,23,思念,sī niàn,"(TV, 1) dauernd an etwas denken, vermissen"
6,zu,24,孫儀,sūn yí,(N) Sun Yi
6,zu,25,太極拳,tài jí quán,"(N) Taiji, „Schattenboxen“"
6,zu,26,堂,táng ,(Met) für Unterrichtsstunden
6,zu,27,堂數,táng shù,(N) Anzahl der Unterrichtsstunden
6,zu,28,套路,tào lù,(N) Bewegungsabfolge in Kampfsportarten
6,zu,29,調和,tiáo hé,"(TV, 1) ein ein harmonisches Verhältnis bringen, aufeinander abstimmen"
6,zu,30,玩起來,wán qǐ lai,"(VK) wenn man es macht, spielt, damit anfängt"
6,zu,31,吻,wěn,(N) Kuss; (IV) sich küssen
6,zu,32,翁清溪,wēng qīng xī,(N) Weng Qingxi
6,zu,33,舞蹈,wǔ dǎo,(N) Tanz
6,zu,34,武術,wǔ shù,"(N) Kampfsport, traditionelle Kampfkünste, Wushu"
6,zu,35,笑,xiào,"(IV) lachen; (TV, 1) auslachen, verspotten"
6,zu,36,系列,xì liè,"(N) Serie, Folge, Gruppe von"
6,zu,37,氧,yǎng,"(N) Sauerstoff, O2, Oxygen"
6,zu,38,楊家,yáng jiā,"(N) die Yang-Familie, Yang-Sippe"
6,zu,39,詠春拳,yǒng chūn quán,(N) Wing Chun Kung Fu [„Ode an den Frühling“]
6,zu,40,有氧,yǒu yǎng,(N) Aerobic
6,zu,41,月亮,yuè liang,(N) Mond
6,zu,42,瑜珈,yú jiā,(N) Yoga
6,zu,43,羽球,yǔ qiú,"(N) Badminton, Federball"
6,zu,44,鄭子,zhèng zǐ,(N) Meister Zheng i.e. Zhèng Mànqīng [1902- 1975]
6,zu,45,直排輪,zhí pái lún,"(N) Inline-Skater, Inline-Skating"
6,zu,46,撞,zhuàng,"(TV, 1) kollidieren"
6,zu,47,撞球,zhuàng qiú,(N) Billard
6,zu,48,專屬教練,zhuān shǔ jiào liàn,(N) Spezialtrainer
6,zu,49,桌球,zhuō qiú,(N) Tischtennis
6,zu,50,作曲,zuò qǔ,(VO) komponieren; Komponist
6,zu,51,做起來,zuò qǐ lai,"(VK) wenn man es macht, wenn man anfängt, es zu tun"
7,lek,1,白菜,bái cài,"(N) Brassica chinensis, Chinakohl"
7,lek,2,百聞 不如一見,bǎi wén bù rú yí jiàn,(Idiom) „Einmal sehen ist besser als hundertmal hören“
7,lek,3,背景,bèi jǐng,(N) Hintergrund
7,lek,4,博物院,bó wù yuàn,(N) Museum
7,lek,5,超,chāo,"(TV, 1) übertreffen, überschreiten"
7,lek,6,充滿,chōng mǎn,"(SV) voll mit, ausreichend, genug"
7,lek,7,抽象,chōu xiàng,(SV) abstrakt
7,lek,8,傳到,chuán dào,"(TV, 1) sich ausbreiten bis"
7,lek,9,傳說,chuán shuō,"(N) Legende, Sage"
7,lek,10,傳統,chuán tǒng,"(N) Tradition, (SV) traditionell"
7,lek,11,翠玉,cuì yù,(N) smaragdgrüner Nephrit
7,lek,12,翠玉白菜,cuì yù bái cài,(N) Weißkohl aus grüner Jade [Kunstobjekt im Palastmuseum Taibei]
7,lek,13,代表,dài biǎo,"(TV, 1) vertreten, darstellen; (N) Vertreter"
7,lek,14,待會兒,dāi huǐ er,"(Adv) gleich, im Moment"
7,lek,15,大開眼界,dà kāi yǎn jiè,(ldiom) den Horizont gewaltig erweitern
7,lek,16,當初,dāng chū,"(N) ursprünglich, seinerzeit"
7,lek,17,到…為止,dào…wéi zhǐ,"(CV) bis hin zu ...; bis zu dem Punkt, wo..."
7,lek,18,大廳,dà tīng,(N) Halle
7,lek,19,大約,dà yuē,"(Adv) annähernd, in etwa"
7,lek,20,等等,děng děng,"(Adv) und so weiter, und so fort"
7,lek,21,點選,diǎn xuǎn,"(TV, 1) heraussuchen"
7,lek,22,的確,dí què,"(Adv) tatsächlich, genau, wirklich"
7,lek,23,動作,dòng zuò,(N) Bewegung
7,lek,24,豐富,fēng fù,(SV) reichhaltig
7,lek,25,幅,fú,"(Met) für auf Rollen montierte Gemälde, Rollbilder"
7,lek,26,服裝,fú zhuāng,"(N) Anzug, Kostüm"
7,lek,27,感覺,gǎn jué,"(TV, 1) spüren, merken; (N) Gefühl"
7,lek,28,歌唱,gē chàng,(N) Gesang
7,lek,29,個性,gè xìng,"(N) Individualität, Persönlichkeit"
7,lek,30,功夫,gōng fu,"(N) chinesische Kampfkunst, Kung Fu"
7,lek,31,觀賞,guān shǎng,"(TV, 1) Anblick, Aufführung genießen"
7,lek,32,古代,gǔ dài,"(N) Antike, Altertum; klassisch"
7,lek,33,固定,gù dìng,"(TV, 1) fixieren, fix- ; (Adv) ununterbrochen, stetig"
7,lek,34,故宮,gù gōng,(N) kaiserliche Palaststadt in Peking
7,lek,35,好好兒地,hǎo hāo er de,"(Adv) gründlich, sorgfältig"
7,lek,36,後來,hòu lái,(Adv) später
7,lek,37,回味,huí wèi,"(VO) sich ins Gedächtnis rufen und darüber nachsinnen, über Erlebtes nachdenken"
7,lek,38,簡介,jiǎn jiè,"(N) kurze Einführung, Kurzbeschreibung"
7,lek,39,奸詐,jiān zhà,"(SV) tückisch, verräterisch; (N) Heimtücke"
7,lek,40,近代,jìn dài,(N) Neuzeit
7,lek,41,京劇,jīng jù,"(N) Hauptstadtschauspiel, „Peking-Oper“"
7,lek,42,京劇團,jīng jù tuán,"(N) Schauspielgruppe, Opernensemble"
7,lek,43,紀念品,jì niàn pǐn,"(N) Andenken, Mitbringsel"
7,lek,44,既然,jì rán,"(Konj) da, weil"
7,lek,45,具有,jù yǒu,"(TV, 1) im Besitz sein von, haben"
7,lek,46,劇院,jù yuàn,"(N) Theater, Schauspielhaus"
7,lek,47,聚在一起,jù zài yì qǐ,"(IV) sich versammeln, sich zusammenfinden"
7,lek,48,來自,lái zì,"(TV, 1) kommen von, sich herleiten von"
7,lek,49,臉譜,liǎn pǔ,"(N) Schminkvorschriften für die chinesische Oper, Gesichtsmaske"
7,lek,50,靈犀,líng xī,(N) intuitives Verstehen
7,lek,51,例如,lì rú,(Konj) zum Beispiel
7,lek,52,嘍,lou,"(Part) doch, wohl schon"
7,lek,53,輪流,lún liú,"(IV) sich abwechseln, der Reihe nach"
7,lek,54,清明上河圖,qīng míng shàng hé tú,(N) Szenen zur Zeit des Qingming-Festes entlang eines Flusses: Gattung des traditionellen Landschaftsgemäldes
7,lek,55,氣息,qì xí,"(N) Atem, Hauch; Stimmung, Atmosphäre"
7,lek,56,其中,qí zhōng,"(N) darunter, unter anderem, mit einbegriffen"
7,lek,57,全票,quán piào,(N) Vollpreisticket; Eintritt ohne Ermäßigung
7,lek,58,仍,réng,"(Adv) nach wie vor, immer noch"
7,lek,59,人物,rén wù,"(N) Person, Figur, Persönlichkeit"
7,lek,60,肉形石,ròu xíng shí,"(N) Jadestein, der wie ein Stück Schweinefleisch aussieht [Kunstobjekt im Palastmuseum Taibeij]"
7,lek,61,如今,rú jīn,(N) heutzutage
7,lek,62,三希堂,sān xī táng,"(N) „Halle der drei Hoffnungen [auf Selbstvervollkommnung]“: Bibliotheksraum des Qing-Kaisers 弘曆 Hónglì [1711-1799], regierte unter der Devise 乾隆 Qiánlóng [1736-1796]"
7,lek,63,商店,shāng diàn,"(N) Verkaufsraum, Shop, Laden"
7,lek,64,深厚,shēn hòu,"(SV) tief, tief verwurzelt"
7,lek,65,世紀,shì jì,(N) Jahrhundert
7,lek,66,式樣,shì yàng,"(N) Muster, Pattern, Stil"
7,lek,67,售票,shòu piào,(VO) Ticketverkauf
7,lek,68,受…吸引,shòu…xī yǐn,(VO) Anziehungskraft für ... haben
7,lek,69,收藏,shōu cáng,"(TV, 1) sammeln"
7,lek,70,售票處,shòu piào chù,"(N) Ticket-Schalter, Kartenverkaufsstelle"
7,lek,71,衰落,shuāi luò,"(TV, 1) schwinden, abwärtsgehen *"
7,lek,72,隨便,suí biàn,"(VO) nach Belieben, wie es einem gefällt"
7,lek,73,隨著,suí zhe,"(Konj) im Gefolge von, mit ...; als Konsequenz von"
7,lek,74,頭昏眼花,tóu hūn yǎn huā,(Idiom) schwindelig und verwirrt
7,lek,75,圖案,tú àn,"(N) Muster, Design"
7,lek,76,聞名,wén míng,"(SV) gekannt, berühmt"
7,lek,77,聞名中外,wén míng zhōng wài,(Idiom) berühmt in China und im Ausland
7,lek,78,文物,wén wù,"(N) Kulturdenkmal, kultureller Überrest"
7,lek,79,文學,wén xué,(N) Literatur
7,lek,80,舞蹈,wǔ dǎo,(N) Tanz
7,lek,81,戲劇,xì jù,"(N) Drama, Theater"
7,lek,82,形成,xíng chéng,"(TV, 1) sich herausbilden, entstehen, werden zu"
7,lek,83,形式,xíng shì,"(N) Form, Gestalt"
7,lek,84,興起,xīng qǐ,"(TV) aufblühen, prominent werden, gedeihen"
7,lek,85,栩栩如生,xǔ xǔ rú shēng,"(Idiom) ganz lebensecht, wie lebendig"
7,lek,86,眼花,yǎn huā,(N) Augenflimmern
7,lek,87,眼界,yǎn jiè,"(N) Gesichtsfeld, Horizont"
7,lek,88,顏色,yán sè,(N) Farbe
7,lek,89,演員,yǎn yuán,(N) Schauspieler
7,lek,90,印象,yìn xiàng,(N) Eindruck
7,lek,91,藝術,yì shù,(N) Kunst
7,lek,92,悠久,yōu jiǔ,"(N) lange Zeit, endlos lang"
7,lek,93,由於,yóu yú,"(Konj) weil, infolge von"
7,lek,94,雜技,zá jì,(N) Akrobatik
7,lek,95,贊成,zàn chéng,"(TV, 1) zustimmen, beipflichten"
7,lek,96,早就,zǎo jiù,"(Adv) schon lange, schon längst"
7,lek,97,展出,zhǎn chū,"(TV, 1) ausstellen"
7,lek,98,展覽,zhǎn lǎn,"(N) Ausstellung; (TV, 1) ausstellen"
7,lek,99,正直,zhèng zhí,"(SV) aufrichtig, integer; (N) Aufrichtigkeit"
7,lek,100,忠誠,zhōng chéng,"(SV) loyal, treu ergeben; (N) Loyalität"
7,lek,101,中華,zhōng huá,"(N) China, chinesisch"
7,lek,102,中期,zhōng qí,"(N) mittlere Epoche, mittlerer Zeitabschnitt"
7,lek,103,中外,zhōng wài,(N) China und das Ausland
7,lek,104,逐漸,zhú jiàn,"(Adv) nach und nach, allmählich"
7,lek,105,仔細,zǐ xì,"(SV) genau, sorgfältig"
7,üb,1,博物館,bó wù guǎn,(N) Museum
7,üb,2,表情,biǎo qíng,"(N) Mimik, Gefühlsausdruck"
7,üb,3,表現,biǎo xiàn,"(N) Erscheinung, Manifestation"
7,üb,4,布景,bù jǐng,(N) Kulisse
7,üb,5,長處,cháng chù,"(N) Vorzug, Stärke"
7,üb,6,臭豆腐,chòu dòu fu,(N) stinkender Bohnenkäse (Nachtmarktgericht)
7,üb,7,創新,chuàng xīn,(SV) bahnbrechend
7,üb,8,創造,chuàng zào,"(TV, 1) erschaffen, kreieren, erfinden"
7,üb,9,代表作,dài biǎo zuò,(N) repräsentatives Werk
7,üb,10,單位,dān wèi,"(N) Einheit [Währung]; Abteilung, Behörde"
7,üb,11,道具,dào jù,(N) Requisiten
7,üb,12,而是,ér shì,(Konj) sondern
7,üb,13,房租,fáng zū,"(N) Miete, Mietkosten"
7,üb,14,複雜,fù zá,"(SV) kompliziert, komplex"
7,üb,15,簡單,jiǎn dān,"(SV) einfach, unkompliziert"
7,üb,16,精彩,jīng cǎi,"(SV) ausgezeichnet, wunderbar, phantastisch"
7,üb,17,今日,jīn rì,(N) heute; der heutige Tag
7,üb,18,空前,kōng qián,"(SV) beispiellos, ohnegleichen"
7,üb,19,崑曲,kūn qǔ,"(N) Kunqu-Oper, trad. Theatermusik aus 昆山 Kūnshān in Jiāngsū"
7,üb,20,描繪,miáo huì,"(TV, 1) beschreiben, schildern, ausmalen"
7,üb,21,男女,nán nǚ,(N) Frauen und Männer
7,üb,22,年輕人,nián qīng rén,(N) Jugendlicher
7,üb,23,牆,qiáng,(N) Wand
7,üb,24,融合,róng hé,"(IV) verschmelzen, fusionieren"
7,üb,25,時代,shí dài,(N) Zeitalter
7,üb,26,樹,shù,(N) Baum
7,üb,27,完成,wán chéng,"(TV, 1) fertigstellen, vollenden"
7,üb,28,舞台,wǔ tái,(N) Bühne
7,üb,29,想像力,xiǎng xiàng lì,"(N) Imagination, Vorstellungskraft"
7,üb,30,寫實,xiě shí,"(IV) etwas nach der Natur malen oder zeichnen, realistisch zeichnen"
7,üb,31,喜怒哀樂,xǐ nù āi lè,"(N) Liebe, Hass, Trauer, Freude: die menschlichen Empfindungen"
7,üb,32,西元,xī yuán,"(N) Gregorianischer Kalender, B.C./A.D."
7,üb,33,要求,yào qiú,"(N) Bedürfnis, Anspruch"
7,üb,34,一看再看,yí kàn zài kàn,(Idiom) immer wieder anschauen
7,üb,35,閱讀,yuè dú,"(TV, 1) lesen, studieren"
7,üb,36,自然,zì rán,(SV) natürlich
7,zu,1,百駿圖,bǎi jùn tú,"(N) Einhundert Rösser [Gemälde von Giuseppe Castiglione i.e. 郎世寧 Láng Shìníng, 1688- 1766, im Palastmuseum Taibei]"
7,zu,2,表妹,biǎo mèi,(N) jüngere Cousine
7,zu,3,參觀券,cān guān quàn,"(N) Eintrittskarte [Museum, Ausstellung]"
7,zu,4,持,chí,"(TV, 1) festhalten; innehaben, besitzen"
7,zu,5,持學生証明者,chí xué shēng zhèng míng zhě,(N) Inhaber eines Studentenausweises
7,zu,6,範圍,fàn wéi,"(N) Umfang, Bereich, Rahmen"
7,zu,7,發源,fā yuán,"(TV) entspringen, herstammen"
7,zu,8,非物質,fēi wù zhí,(N) immateriell
7,zu,9,繪畫,huì huà,(N) Malerei
7,zu,10,郎世寧,láng shì níng,"(N) Giuseppe Castiglione , [1688-1766], Maler"
7,zu,11,每日,měi rì,"(N) jeden Tag, täglich"
7,zu,12,憑,píng,"(TV, 1) gestützt auf, mit, auf der Grundlage von"
7,zu,13,普通,pǔ tōng,"(SV) normal, gewöhnlich, Standard-"
7,zu,14,秋色,qiū sè,"(N) Herbststimmung, Herbstszenerie"
7,zu,15,全年,quán nián,(N) das ganze Jahr über
7,zu,16,鵲華秋色圖,què huá qiū sè tú,"(N) Herbststimmung beim Besuch des Elsternberges [鵲山 Quèshān] und des Berges der verschlossenen Lotosknospe, Gemälde von Zhào Mèngfǔ [1254-1322], im Palastmusum Taibei"
7,zu,17,新台幣,xīn tái bì,"(N) Neuer Taiwan Dollar, NTD, NT$"
7,zu,18,延長,yán cháng,"(TV, 1) verlängern, ausdehnen"
7,zu,19,優惠,yōu huì,"(N) Bevorzugung, Vergünstigung"
7,zu,20,優惠參觀券,yōu huì cān guān quàn,(N) Eintrittskarte mit Ermäßigung
7,zu,21,元旦,yuán dàn,(N) Yuandan: der 1. Tag des neuen Jahres
7,zu,22,元宵,yuán xiāo,"(N) der Abend des 15. Tages des ersten Monats im Mondkalender; süß gefüllte Reisklößchen, die zu diesem Anlass gegessen werden"
7,zu,23,元宵節,yuán xiāo jié,(N) Laternenfest [als Abschluss der Neujahrsfeierlichkeiten]
7,zu,24,趙孟頫,zhào mèng fǔ,"(N) Zhao Mengfu (1254-1322), Maler am Hof der Yuan (1271-1368)"
7,zu,25,至善園,zhì shàn yuán,(N) „Garten des Verharrens im höchsten Guten“: Park am Palastmuseum Taipei
7,zu,26,之一,zhī yī,"(N, Affix) einer, eine, eines von"
7,zu,27,中心,zhōng xīn,(N) Zentrum
8,wi,1,變成,biàn chéng,"(TV, 1) werden zu, sich wandeln in"
8,wi,2,棒,bàng,"(SV) toll, klasse, hervorragend"
8,wi,3,包種茶,bāo zhǒng chá,"(N) Teesorte: halbfermentierter grüner Tee,
gehört zur Kategorie 烏龍茶 wūlóngchá, Spezialität
aus Nordtaiwan"
8,wi,4,茶杯,chá bēi,(N) Teebecher
8,wi,5,畫,huà,"(N) Bild, Gemälde; (TV, 1) malen"
8,wi,6,可怕,kě pà,"(SV) entsetzlich, furchtbar"
8,wi,7,控制,kòng zhì,"(TV, 1) kontrollieren"
8,wi,8,啦,la,"(Part) phonetische Kontraktion aus 了 le und 啊 —
a als Satzschlusspartikel"
8,wi,9,纜車,lǎn chē,(N) Gondelbahn
8,wi,10,美術,měi shù,"(N) Kunst, die schönen Künste"
8,wi,11,面前,miàn qián,"(N) angesichts, vor, gegenüber"
8,wi,12,那些,nà xiē,"(Pron) jene, die dort"
8,wi,13,篇章,piān zhāng,"(N) Text, Abschnitt"
8,wi,14,深刻,shēn kè,"(SV) einschneidend, nachdrücklich, beeindruckend"
8,wi,15,室外,shì wài,"(N) draußen, im Freien, Outdoor"
8,wi,16,提醒,tí xǐng,"(TV, 1) jem. an etwas erinnern, auf die Sprünge
helfen"
8,wi,17,忘不了,wàng bù liǎo,"(VK) nicht vergessen können, unvergesslich sein"
8,wi,18,忘記,wàng jì,"(TV, 1) vergessen"
8,wi,19,文物展,wén wù zhǎn,(N) Ausstellung mit Kulturdenkmälern
8,wi,20,烏龍茶,wū lóng chá,"(N) Teesorte: Schwarzdrachen-Tee, halbfermentierter grüner Tee"
8,wi,21,限制,xiàn zhì,"(TV, 1) einschränken, (N) Restriktion"
8,wi,22,小玉,xiǎo yù,(N) Xiaoyu
8,wi,23,邀請,yāo qǐng,"(TV, 2) einladen zu"
8,wi,24,影片,yǐng piàn,(N) Kinofilm
8,wi,25,以下,yǐ xià,"(N) das folgende, wie folgt, nachstehend"
8,wi,26,之後,zhī hòu,"(SB, Affix) nach"
8,wi,27,主題,zhǔ tí,"(N) Hauptthema, Leitmotiv, Thematik"
8,wi,28,字典,zì diǎn,(N) Zeichenlexikon
8,wi,29,資訊,zī xùn,(N) Information
8,wi,30,作文,zuò wén,"(N) Aufsatz, Artikel, Essay"
8,wi,31,作用,zuò yòng,"(N) Effekt, Nutzen; Rolle, Funktion"
9,lek,1,安裝,ān zhuāng,"(TV, 1) montieren, installieren"
9,lek,2,背,bēi,"(TV, 1) auf dem Rücken tragen"
9,lek,3,背包,bēi bāo,(N) Rucksack
9,lek,4,不斷,bú duàn,(Adv.) unablässig
9,lek,5,補貼,bǔ tiē,"(N) Subvention, finanzieller Zuschuss"
9,lek,6,成本,chéng běn,"(N) Selbstkosten, eingesetztes Kapital"
9,lek,7,襯衫,chèn shān,"(N) Hemd, Bluse"
9,lek,8,充足,chōng zú,"(SV) hinreichend, genügend sein"
9,lek,9,大都市,dà dū shì,"(N) Großstadt, Metropole"
9,lek,10,大量,dà liàng,"(N) Großteil, hohe Anzahl von"
9,lek,11,倒是,dào shì,"(Adv.) wirklich, tatsächlich"
9,lek,12,電池,diàn chí,"(N) Batterie, Akku"
9,lek,13,電力,diàn lì,"(N) elektrische Energie, Strom"
9,lek,14,電子郵件,diàn zǐ yóu jiàn,(N) E-Mail
9,lek,15,地球,dì qiú,"(N) Erde, Erdball, Globus"
9,lek,16,地區,dì qū,"(N) Region, Gegend"
9,lek,17,多餘,duō yú,"(SV) überschüssig, überflüssig"
9,lek,18,發電,fā diàn,(N) Strom erzeugen
9,lek,19,房東,fáng dōng,"(N) Hausbesitzer(in), Vermieter(in)"
9,lek,20,房子,fáng zi,"(N) Haus, Zimmer, Wohnung"
9,lek,21,房租,fáng zū,(N) Miete
9,lek,22,趕快,gǎn kuài,"(Adv.) eilends, schnell"
9,lek,23,公寓,gōng yù,"(N) Appartement, Mietwohnung"
9,lek,24,後果,hòu guǒ,"(N) Ergebnis, Resultat"
9,lek,25,環境,huán jìng,(N) Umwelt
9,lek,26,回收,huí shōu,"(TV, 1) zurückerhalten, (N) Recycling"
9,lek,27,減碳,jiǎn tàn,(VO) CO2-Reduzierung [Umweltschutz]
9,lek,28,降低,jiàng dī,"(TV, 1) reduzieren, herabsetzen"
9,lek,29,將來,jiāng lái,"(N) Zukunft, zukünftig"
9,lek,30,漸漸,jiàn jiàn,"(Adv) schrittweise, allmählich"
9,lek,31,節能,jié néng,(N) Energiesparen
9,lek,32,捷足先登,jié zú xiān dēng,"(Idiom) „wer zuerst kommt, mahlt zuerst“"
9,lek,33,積極,jī jí,(SV) positiv
9,lek,34,經費,jīng fèi,"(N) Ausgaben, Kosten"
9,lek,35,經濟,jīng jì,"(N) Wirtschaft, Ökonomie"
9,lek,36,計算器,jì suàn qì,(N) Taschenrechner
9,lek,37,捲,juǎn,"(SV) gelockt, eingerollt, gekräuselt"
9,lek,38,居住,jū zhù,(IV) wohnen
9,lek,39,科學家,kē xué jiā,"(N) Wissenschaftler(in), Naturwissenschaftler"
9,lek,40,空地,kòng dì,"(N) Platz, Raum"
9,lek,41,空氣,kōng qì,"(N) Luft, Atmosphäre"
9,lek,42,空氣污染,kōng qì wū rǎn,(N) Luftverschmutzung
9,lek,43,莉莉,lì lì,(N) Lilli
9,lek,44,理想,lǐ xiǎng,(N) Ideal; (SV) ideal
9,lek,45,免得,miǎn de,"(Konj.) damit nicht, um zu vermeiden, dass"
9,lek,46,目前,mù qián,"(N) gegenwärtig, zur Zeit, augenblicklich"
9,lek,47,能源,néng yuán,(N) Energie
9,lek,48,汽,qì,(N) Wasserdampf
9,lek,49,汽車,qì chē,"(N) Auto, Kraftfahrzeug"
9,lek,50,慶祝,qìng zhù,"(TV, 1) etwas feiern, ein Fest feiern wegen"
9,lek,51,裙子,qún zi,(N) Rock
9,lek,32,人生,rén shēng,(N) menschliches Leben
9,lek,53,人生地不熟,rén shēng dì bù shú,"(Idiom) völlig unbedarft, orientierungslos"
9,lek,54,認同,rèn tóng,"(N) Zustimmung, Identifikation"
9,lek,55,熱水器,rè shuǐ qì,"(N) Heißwasserbereiter, Boiler"
9,lek,56,日常,rì cháng,(SV) alltäglich
9,lek,57,日常生活,rì cháng shēng huó,(N) Alltagsleben
9,lek,58,入境,rù jìng,"(N) Ankunft, Arrival (Flughafen)"
9,lek,59,設備,shè bèi,"(N) Ausrüstung, technische Ausstattung"
9,lek,60,聲音,shēng yīn,"(N) Geräusch, Laut, Schall"
9,lek,61,申請,shēn qǐng,"(TV, 1) beantragen; (N) Antrag"
9,lek,62,室溫,shì wēn,(N) Zimmertemperatur
9,lek,63,適應,shì yìng,"(TV, 1) sich anpassen, sich umstellen"
9,lek,64,手錶,shǒu biǎo,(N) Armbanduhr
9,lek,65,太陽能,tài yáng néng,(N) Solarenergie
9,lek,66,碳,tàn,"(N) C, Kohlenstoff; Abk. für CO2"
9,lek,67,提高,tí gāo,"(TV, 1) steigern, erhöhen, anheben, verbessern"
9,lek,68,挺,tǐng,"(Adv) ziemlich, recht"
9,lek,69,頭髮,tóu fǎ,"(N) Haar, Frisur"
9,lek,70,外表,wài biǎo,"(N) Äußeres, Fassade, Oberfläche"
9,lek,71,屋頂,wū dǐng,(N) Dach
9,lek,72,污染,wū rǎn,"(N) Verschmutzung, Verunreinigung"
9,lek,73,消極,xiāo jí,(SV) negativ
9,lek,74,效率,xiào lǜ,"(N) Effektivität, Wirkungsgrad"
9,lek,75,吸收,xī shōu,"(TV, 1) absorbieren, in sich aufnehmen"
9,lek,76,陽光,yáng guāng,(N) Sonnenlicht
9,lek,77,陽台,yáng tái,"(N) Balkon, Terrasse"
9,lek,78,研究,yán jiù,"(TV, 1) erforschen; (N) wissenschaftliche Forschung"
9,lek,79,意識,yì shì,"(N) Bewusstsein, Bewusstheit"
9,lek,8,運用,yùn yòng,"(TV, 1) verwenden, anwenden, gebrauchen"
9,lek,81,髒,zāng,"(SV) schmutzig, dreckig, verunreinigt"
9,lek,82,糟,zāo,"(SV) schlecht, miserabel"
9,lek,83,噪音,zào yīn,"(N) Lärm, Krach"
9,lek,84,噪音污染,zào yīn wū rǎn,"(N) Lärmpollution, Lärmbelästigung"
9,lek,85,政府,zhèng fǔ,(N) Regierung
9,lek,86,真是,zhēn shi,(Interj) so was! also wirklich!
9,lek,87,只要,zhǐ yào,(Konj) nur wenn
9,lek,88,之一,zhī yī,"(N, Affix) einer, eine, eines von"
9,lek,89,重視,zhòng shì,"(TV, 1) für wichtig halten, Wert legen auf"
9,lek,90,裝設,zhuāng shè,"(TV, 1) installieren, ausrüsten mit"
9,lek,91,主要,zhǔ yào,"(SV) wichtigste, Haupt-"
9,lek,92,自給自足,zì jǐ zì zú,(SV) autark; (N) Autarkie
9,lek,93,紫色,zǐ sè,(N) violett
9,lek,94,資源,zī yuán,"(N) Ressourcen, Naturressourcen"
9,üb,1,北部,běi bù,"(N) Norden, nördlicher Landesteil"
9,üb,2,避免,bì miǎn,"(TV, 1) vermeiden, ausweichen, entgehen"
9,üb,3,冰島,bīng dǎo,(N) Island
9,üb,4,必要,bì yào,(SV) notwendig sein
9,üb,5,廁所,cè suǒ,"(N) Toilette, Klo, Abort"
9,üb,6,成功,chéng gōng,(N) Erfolg; (SV) erfolgreich
9,üb,7,丹麥,dān mài,(N) Dänemark
9,üb,8,等待,děng dài,"(TV, 1) erwarten, abwarten"
9,üb,9,短缺,duǎn quē,"(N) Knappheit, Engpass; (TV, 1) fehlen an"
9,üb,10,堵車,dǔ chē,(N) Verkehrsstau
9,üb,11,寒冷,hán lěng,"(SV) kalt, eisig [Wetter]"
9,üb,12,混亂,hùn luàn,"(N) Unordnung, Chaos, Wirrwarr"
9,üb,13,今早,jīn zǎo,(N) heute Morgen
9,üb,14,句子,jù zi,(N) Satz
9,üb,15,寬敞,kuān chang,"(SV) geräumig, weit"
9,üb,16,枯竭,kū jié,"(IV) versiegen, austrocknen, sich erschöpfen"
9,üb,17,困難,kùn nan,"(SV) schwierig, kompliziert; (N) Schwierigkeit"
9,üb,18,老是,lǎo shi,"(Adv) ständig, immer, in einer Tour"
9,üb,19,累人,lèi rén,"(SV) ermüdend, belastend"
9,üb,20,旅程,lǚ chéng,"(N) Reiseroute, Reiseweg, Reise"
9,üb,21,迷人,mí rén,(SV) faszinierend
9,üb,22,女孩,nǚ hái,"(N) Mädchen, junge Frau(en)"
9,üb,23,取代,qǔ dài,"(TV, 1) ersetzen, substituieren"
9,üb,24,身邊,shēn biān,"(N) neben, bei [einem selbst]"
9,üb,25,水力,shuǐ lì,(N) Wasserkraft
9,üb,26,思考,sī kǎo,"(TV, 1) nachdenken über, in Erwägung ziehen"
9,üb,27,所謂的,suǒ wèi de,"(Pron) der, die, das sogenannte"
9,üb,28,抬頭,tái tóu,(VO) den Kopf heben
9,üb,29,同意,tóng yì,"(TV, 1) zustimmen, beipflichten; (N) Zustimmung"
9,üb,30,位子,wèi zi,"(N) Platz, Sitzplatz"
9,üb,31,溫暖,wēn nuǎn,"(SV) warm, heiß [Klima]"
9,üb,32,相反,xiāng fǎn,"(SV) konträr, entgegengesetzt; (N) Gegenteil"
9,üb,33,消耗,xiāo hào,"(TV, 1) verbrauchen, konsumieren;(N) Verbrauch"
9,üb,34,小林,xiǎo lín,(N) Xiao Lin
9,üb,35,一下子,yí xià zi,"(Adv) mit einem Mal, auf einen Schlag"
9,üb,36,再生,zài shēng,"(N) Reinkarnation, Wiedergeburt; (IV) wiederaufleben"
9,üb,37,照相,zhào xiàng,"(VO) aufnehmen, Fotos machen"
9,üb,38,做事,zuò shì,"(VO) arbeiten, erledigen, einen Job haben"
9,üb,39,作者,zuò zhě,(N) Urheber
9,zu,1,冰箱,bīng xiāng,"(N) Kühlschrank, Freezer"
9,zu,2,材料,cái liào,"(N) Baumaterial, Rohstoff; Material, Quellen"
9,zu,3,成交,chéng jiāo,"(IV) handelseinig werden, Geschäft abschließen"
9,zu,4,抽油煙機,chōu yóu yān jī,(N) Dunstabzugshaube
9,zu,5,廚餘,chú yú,(N) Küchenabfälle
9,zu,6,大安區,dà ān qū,"(N) Da’an, Stadtbezirk von Taibei"
9,zu,7,代收,dài shōu,"(TV, 1) in Empfang nehmen, abholen"
9,zu,8,大樓,dà lóu,(N) Hochhaus
9,zu,9,單純,dān chún,"(SV) einfach, allein; -simplex, unkompliziert"
9,zu,10,淡江大學,dàn jiāng dà xué,"(N) Tamkang-University [in Danshui, Tamsui]"
9,zu,11,電磁,diàn cí,(N) Elektromagnetismus
9,zu,12,電磁爐,diàn cí lú,(N) Induktionskochfeld
9,zu,13,第四台,dì sì tái,(N) BBC Four [TV-Programm]; Kabel-TV
9,zu,14,丟掉,diū diào,"(TV, 1) wegwerfen, entsorgen"
9,zu,15,短期,duǎn qí,"(N) kurze Frist, kurzfristig"
9,zu,16,短期租賃,duǎn qí zū lìn,(N) kurzfristige Vermietung
9,zu,17,多半,duō bàn,"(Adv) überwiegend, meistenteils"
9,zu,18,房客,fáng kè,"(N) Mieter, Untermieter"
9,zu,19,房屋,fáng wū,"(N) Haus, Gebäude"
9,zu,20,房屋仲介,fáng wū zhòng jiè,"(N) Wohnungsmakler, Immobilienmakler"
9,zu,21,廢紙類,fèi zhǐ lèi,(N) Altpapier
9,zu,22,分享,fēn xiǎng,"(TV, 1) teilhaben lassen an, mitteilen"
9,zu,23,否,fǒu,"(Adv) nein, nicht zutreffend [auf Fragebögen]"
9,zu,24,隔間,gé jiān,"(N) Einteilung, Partitionierung"
9,zu,25,格局,gé jú,"(N) Muster, Struktur, Systematik"
9,zu,26,即,jí,"(TV, 1) das bedeutet ...; im Sinne von..."
9,zu,27,警衛,jǐng wèi,"(N) Bewachung, Objektschutz"
9,zu,28,進入,jìn rù,"(TV, 1) eintreten in"
9,zu,29,舊,jiù ,"(SV) alt, abgetragen, verschlissen, verbraucht"
9,zu,30,距離,jù lí,"(N) Abstand, Distanz, Entfernung"
9,zu,31,寬頻,kuān pín,(N) Breitband
9,zu,32,寬頻網路,kuān pín wǎng lù,(N) Breitband-Internetanschluss
9,zu,33,垃圾,lè sè,(N) Müll
9,zu,34,垃圾車,lè sè chē,"(N) Müllauto, Müllwagen"
9,zu,35,垃圾分類,lè sè fēn lèi,(N) Mülltrennung
9,zu,36,資源回收,zī yuán huí shōu,(N) Abfallrecycling
9,zu,37,垃圾污染,lè sè wū rǎn,(N) Umweltverschmutzung durch Abfälle
9,zu,38,立體,lì tǐ,"(SV) räumlich, dreidimensional, stereo—"
9,zu,39,流理台,liú lǐ tái,"(N) jap. ryüritai: Küchenzeile, Kitchenette"
9,zu,40,樓層,lóu céng,"(N) Stockwerk, Etage"
9,zu,41,美食區,měi shí qū,"(N) Restaurantgegend, Gegend mit gutem Essen"
9,zu,42,配備,pèi bèi,"(TV, 1) ausstatten mit, zur Verfügung stellen"
9,zu,43,坪,píng,"(N) Tsubo, Ping: japanisches Flächenmaß gebräuchlich in Taiwan: ca. 1,5 qm"
9,zu,44,平面,píng miàn,"(SV) flach, eben, zweidimensional"
9,zu,45,品名,pǐn míng,"(N) Produktbeschreibung, Angebotsbeschreibung"
9,zu,46,牆,qiáng,"(N) Wand, Mauer"
9,zu,47,沙發,shā fā,"(N) Sofa, Sitzgarnitur"
9,zu,48,師大,shī dà,(N) Abk. für 國立臺灣師範大學 Guólì Táiwān Shīfàn Dàxué
9,zu,49,師大路,shī dà lù,"(N) Shi-Dalu, Straße im Bezirk Da’an, Taibei"
9,zu,50,水泥,shuǐ ní,(N) Beton
9,zu,51,水污染,shuǐ wū rǎn,(N) Wasserverschmutzung
9,zu,52,梳妝,shū zhuāng,"(IV) sich richten, kämmen und schminken"
9,zu,53,梳妝台,shū zhuāng tái,"(N) Frisierkommode, Schminktisch"
9,zu,54,送去,sòng qù,"(TV, 1) wegbringen, abliefern"
9,zu,55,塑膠,sù jiāo,"(N) Plastik, Kunststoff"
9,zu,56,塑膠袋,sù jiāo dài,(N) Plastiktüte
9,zu,57,所附,suǒ fù,"(N) Nachstehendes, was folgt ..."
9,zu,538,所附配備,suǒ fù pèi bèi,(IV) Nachstehendes gehört zur Ausstattung
9,zu,59,抬頭,tái tóu,(VO) den Kopf heben
9,zu,60,台電大樓站,tái diàn dà lóu zhàn,(N) Haltestelle Taipower-Building [der Taibeier MRT]
9,zu,61,台灣大學,tái wān dà xué,"(N) National Taiwan University, NTU [in Taibei]"
9,zu,62,國立臺灣師範大學,guó lì tái wān shī fàn dà xué,"(N) Staatliche Universitat fur Lehrerausbildung [in Taibei: National Taiwan Normal University, NTNU]"
9,zu,63,套房,tào fáng,(N) Appartement
9,zu,64,停止,tíng zhǐ,"(TV, 1) beenden, einstellen, stoppen"
9,zu,65,瓦斯,wǎ sī,"(N) Gas, Stadtgas, Erdgas"
9,zu,66,微波,wēi bō,(N) Mikrowellen
9,zu,67,微波爐,wēi bō lú,"(N) Mikrowellenherd, -ofen"
9,zu,68,物件,wù jiàn,"(N) Objekt, Gegenstand"
9,zu,69,屋主,wū zhǔ,"(N) Hausbesitzer, Vermieter"
9,zu,70,線 / 綫,xiàn / xiàn,(N) Schnur; Linie [S-Bahn]
9,zu,71,限男,xiàn nán,(VO) nur für Männer
9,zu,72,限女,xiàn nǚ,(VO) nur für Frauen
9,zu,73,項目,xiàng mù,"(N) Absatz, Posten, Position [in Listen etc.]"
9,zu,74,新店線,xīn diàn xiàn,(N) Xindian-Linie [der MRT Taibei]
9,zu,75,性別,xìng bié,(N) Geschlecht [m/f]
9,zu,76,性別限制,xìng bié xiàn zhì,(N) geschlechtsdefinierte Restriktion
9,zu,77,洗衣機,xǐ yī jī,(N) Waschmaschine
9,zu,78,雅房,yǎ fáng,"(N) Suite, Penthouse, elegante Residenz"
9,zu,79,押金,yā jīn,"(N) Kaution, Pfand"
9,zu,80,要求,yāo qiú,"(TV, 1) fordern, verlangen"
9,zu,81,要求句型,yāo qiú jù xíng,(N) erforderliche Satzmuster
9,zu,82,衣櫥,yī chú,(N) Kleiderschrank
9,zu,83,衣物,yī wù,"(N) Bekleidung, Kleidungsstücke"
9,zu,84,仲介,zhòng jiè,"(N) Makler, Mittelsmann, Vermittler"
9,zu,85,磚,zhuān,(N) Ziegelstein
9,zu,86,磚牆,zhuān qiáng,(N) aus Ziegeln gemauerte Wand
9,zu,87,租金,zū jīn,"(N) Mietzahlung, Miete"
9,zu,88,租賃,zū lìn,"(N) Vermietung, Verpachtung"
9,zu,89,作為,zuò wéi,"(TV, 1) werden zu, Rolle einnehmen von"
10,lek,1,唉喲,āi yo,(Interj) Oh je! Ach du liebe Zeit!,,
10,lek,2,阿里山,ā lǐ shān,(N) Alishan [Ort in Zentraltaiwan],,
10,lek,3,安心,ān xīn,"(SV) beruhigt, unbesorgt",,
10,lek,4,表達,biǎo dá,"(TV, 1) ausdrücken, Ausdruck verleihen",,
10,lek,5,避免,bì miǎn,"(TV, 1) vermeiden, entgehen, ausweichen",,
10,lek,6,伯父,bó fù,(N) Onkel [älterer Bruder des Vaters],,
10,lek,7,伯母,bó mǔ,(N) Tante [Ehefrau des älteren Bruders des Vaters],,
10,lek,8,不論,bú lùn,"(Konj.) ungeachtet, egal ob",,
10,lek,9,菜刀,cài dāo,(N) Küchenmesser,,
10,lek,10,嚐一嚐,cháng yì cháng,"(TV, 1) mal probieren, versuchen (Speisen, Getränke)",,
10,lek,11,沉默,chén mò,"(SV) schweigsam, stumm, zurückhaltend",,
10,lek,12,從命,cóng mìng,(VO) einem Befehl folgen, Gehorsamkeit,
10,lek,13,單數,dān shù,(N) Singular, ungerade Zahl,
10,lek,14,打擾,dǎ rǎo,"(TV, 1) stören, belästigen",,
10,lek,15,點心,diǎn xin,"(N) Imbiss, Zwischenmahlzeit, Nachtisch",,
10,lek,16,對方,duì fāng,"(N) Seite, Partei, Partner",,
10,lek,17,而,ér,"(B) und dabei; hingegen, aber",,
10,lek,18,恭敬,gōng jìng,"(N) Respekt, Ehrerbietung",,
10,lek,19,恭敬不如從命,gōng jìng bù rú cóng mìng,"(Idiom) „Aber das kann ich doch wirklich nicht annehmen“ [Geschenk, Einladung]",,
10,lek,20,過分,guò fèn,"(SV) exzessiv, übertrieben",,
10,lek,21,害羞,hài xiū,"(SV) schüchtern, verklemmt",,
10,lek,22,好事成雙,hǎo shì chéng shuāng,(Idiom) „Gute Dinge kommen paarweise“,,
10,lek,23,何必,hé bì,(Adv.) wozu dann noch? unnötig zu...,,
10,lek,24,剪刀,jiǎn dāo,(N) Schere,,
10,lek,25,交往,jiāo wǎng,"(N) Umgang, Beziehung, Kontakt (haben)",,
10,lek,26,禁忌,jìn jì,(N) Tabu,,
10,lek,27,考慮,kǎo lǜ,"(TV, 1) überdenken, überlegen",,
10,lek,28,留,liú,"(TV, 1) zurückhalten, aufhalten; zurücklassen",,
10,lek,29,囉,luō,(Part) nicht wahr? [am Satzende],,
10,lek,30,慢走,màn zǒu,(Idiom) Komm gut heim!,,
10,lek,31,毛巾,máo jīn,(N) Handtuch,,
10,lek,32,迷信,mí xìn,"(N) Aberglaube, abergläubisch sein",,
10,lek,33,拿手,ná shǒu,"(SV) bewandert, erfahren in, gut in",,
10,lek,34,婆婆,pópo,(N) Schwiegermutter,,
10,lek,35,切,qiè,"(TV, 1) aufschneiden, tranchieren",,
10,lek,36,散,sàn / sǎn,"(B) zerstreuen; (IV) aus dem Leim gehen, auseinanderfallen",,
10,lek,37,喪禮,sāng lǐ,"(N) Trauerfeier, Beerdigung",,
10,lek,38,扇子,shàn zi,(N) Fächer,,
10,lek,39,失禮,shī lǐ,"(VO) Taktlosigkeit, Entgleisung, Fauxpas",,
10,lek,40,事先,shì xiān,"(N) im Voraus, vorher",,
10,lek,41,手帕,shǒu pà,(N) Taschentuch,,
10,lek,42,雙數,shuāng shù,"(N) Dual, gerade Zahl",,
10,lek,43,水果,shuǐ guǒ,(N) Obst,,
10,lek,44,數目,shù mù,"(N) Ziffer, Zahl",,
10,lek,45,數字,shù zì,(N) Zahl,,
10,lek,46,死,sǐ,(IV) sterben,,
10,lek,47,送終,sòng zhōng,"(VO) am Sterbebett stehen, in der letzten Stunde beistehen",,
10,lek,48,酥餅,sū bǐng,"(N) Gebäck, Plätzchen, Kekse",,
10,lek,49,提起,tí qǐ,"(TV, 1) erwähnen, von jemand sprechen",,
10,lek,50,同音,tóng yīn,"(TV) homophon sein, gleichlauten",,
10,lek,51,吞吞吐吐,tūn tūn tǔ tǔ,(Idiom) etwas nicht über die Lippen bringen,,
10,lek,52,諧音,xié yīn,(N) Gleichklang; (SV) gleich klingen, (SV) gleich klingen,
10,lek,53,行為,xíng wéi,"(N) Verhalten, Benehmen, Betragen",,
10,lek,54,心急,xīn jí,"(N) ungeduldig, besorgt, hektisch",,
10,lek,55,心意,xīn yì,"(N) Absicht, Intention; freundschaftliches Gefühl",,
10,lek,56,喜事,xǐ shì,(N) Hochzeit,,
10,lek,57,習俗,xí sú,"(N) Gewohnheit, Sitte",,
10,lek,58,學問,xué wèn,"(N) Bildung, Wissenschaft, Gelehrsamkeit",,
10,lek,59,一刀兩斷,yì dāo liǎng duàn,(Idiom) endgültige Trennung; Schluss und Aus, Schluss und Aus,
10,lek,60,友好,yǒu hǎo,"(N) Freundschaft, Vertrautheit",,
10,lek,61,再不…就…,zài bù…jiù…,(Konj) wenn nicht ... dann,,
10,lek,62,在意,zài yì,"(TV, 1) Notiz nehmen von, beachten",,
10,lek,63,招待,zhāo dài,"(TV, 1) bewirten, betreuen; (N) Gastfreundschaft",,
10,lek,64,芝麻,zhī má sū bǐng,"(N) Sesamum officinalis, Sesam",,
10,lek,65,芝麻酥餅,zhī má sū bǐng,(N) Sesamplätzchen,,
10,lek,66,作客,zuò kè,"(VO) zu Gast sein, eingeladen sein",,
10,üb,1,打字,dǎ zì,"(VO) tippen [Schreibmaschine, Computer]",,
10,üb,2,刀具,dāo jù,"(N) Schneidewerkzeug, Messer,",,
10,üb,3,刀子,dāo zi,(N) Messer,,
10,üb,4,打字機,dǎ zì jī,(N) Schreibmaschine,,
10,üb,5,風水,fēng shuǐ,(N) Geomantik,,
10,üb,6,分離,fēn lí,"(TV, 1) trennen, separieren; (N) Dissoziation",,
10,üb,7,忌諱,jì huì,"(TV, 1) vermeiden, als Tabu ansehen; (N) Tabu",,
10,üb,,科系,kē xì,"(N) akademisches Fachgebiet, Studienfach",,
10,üb,9,滿意,mǎn yì,(SV) zufrieden,,
10,üb,10,民族,mín zú,"(N) Volk, Ethnie, Nationalität",,
10,üb,11,男孩子,nán hái zi,"(N) Junge, junger Mann",,
10,üb,12,男朋友,nán péng you,"(N) Boyfriend, Beziehung",,
10,üb,13,拋,pāo,"(TV, 1) von sich werfen, wegwerfen",,
10,üb,14,拋棄,pāo qì,"(TV, 1) im Stich lassen, den Laufpass gegen",,
10,üb,15,文德,wén dé,(N) Wende [Vorname],,
10,üb,16,下山,xià shān,"(VO) von einemBerg absteigen, Abstieg",,
10,üb,17,相近,xiāng jìn,(SV) einander ähnlich sein,,
10,üb,18,向來,xiàng lái,"(Adv) schon immer, traditionell",,
10,üb,19,相同,xiāng tóng,"(SV) identisch sein, homo-",,
10,üb,20,相信,xiāng xìn,"(TV, 1) glauben, vertrauen",,
10,zu,1,東海,dōng hǎi,(N) Ostchinesisches Meer,,
10,zu,2,發財,fā cái,"(VO) zu Wohlstand gelangen, reich werden",,
10,zu,3,福如東海,fú rú dōng hǎi,(Idiom) Möge dein Glück größer sein als das Meer im Osten!,,
10,zu,4,恭喜,gōng xǐ,(TV) Glückwünsche aussprechen,,
10,zu,5,恭喜發財,gōng xǐ fā cái,(Idiom) Alles Gute zum Neuen Jahr!,,
10,zu,6,吉祥,jí xiáng,(SV) glückverheißend,,
10,zu,7,禮儀,lǐ yí,"(N) Etikette, gesellschaftliches Ritual, Protokoll",,
10,zu,8,人家,rén jiā,"(N) andere Leute, die Anderen",,
10,zu,9,壽比南山,shòu bǐ nán shān,(Idiom) Mögest du so lange leben wie die Berge im Süden!,,
10,zu,10,永浴愛河,yǒng yù ài hé,(Idiom) Möget ihr euch immer lieben!,,
10,zu,11,讚美,zàn měi,"(TV, 1) verherrlichen, bewundern",,
10,zu,12,早日,zǎo rì,"(N) möglichst bald, so schnell wie möglich",,
10,zu,13,早日康復,zǎo rì kāng fù,(Idiom) baldige Genesung! gute Besserung!,,
10,zu,14,早生貴子,zǎo shēng guì zǐ,(Idiom) Möge es bald einen Sohn geben!,,
10,zu,15,主人,zhǔ rén,"(N) Gastgeber, Familienoberhaupt, Besitzer",,
11,lek,1,安定,ān dìng,"(TV, 1) stabilisieren",,
11,lek,2,拜拜,bài bài,"(IV) Opfer und Gebete darbringen, Gottheit um Hilfe bitten",,
11,lek,3,拜訪,bài fǎng,"(TV, 1) einen Tempel oder Vorgesetzten besuchen",,
11,lek,4,保佑,bǎo yòu,"(TV, 1) um göttlichen Segen bitten für",,
11,lek,,本土,běn tǔ,"(N) Ursprungsland, Heimatland",,
11,lek,6,不僅,bù jǐn,(Konj) nicht nur ...,,
11,lek,7,吃素,chī sù,(VO) vegetarisch essen,,
11,lek,8,傳教,chuán jiào,(VO) missionieren,,
11,lek,9,達成,dá chéng,"(TV, 1) erreichen, erzielen",,
11,lek,10,大家,dà jiā,(N) alle,,
11,lek,11,當作,dàng zuò,"(TV, 1) ansehen als, halten für",,
11,lek,12,道教,dào jiào,(N) Daoismus,,
11,lek,13,典型,diǎn xíng,"(N) Vorbild, Modell; (SV) typisch, repräsentativ",,
11,lek,14,多元化,duō yuán huà,(SV) pluralistisch, (N) Pluralismus,
11,lek,15,欸,èi,(Interj.) eh! Achtung!,,
11,lek,16,佛,fó,(N) Abk. f. 佛陀 fótuó Sanskrit: buddha; Buddha, Buddha,
11,lek,17,佛教,fó jiào,(N) Buddhismus,,
11,lek,18,佛教徒,fó jiào tú,"(N) Anhänger des Buddhismus, Buddhist",,
11,lek,19,高尚,gāo shàng,"(SV) nobel, erhaben",,
11,lek,20,供奉,gòng fèng,"(TV, 1) opfern, verehren",,
11,lek,21,供品,gòng pǐn,(N) Opfergaben,,
11,lek,22,關公,guān gōng,"(N) Herzog Guan: Deifizierte historische Persönlichkeit, 關羽 Guan Yu [160-219], General, Sinnbild für Mut und Gerechtigkeit",,
11,lek,23,觀念,guān niàn,"(N) Idee, Gedanke, Konzept",,
11,lek,24,何,hé,(B) was? Wie?,,
11,lek,25,回教,huí jiào,(N) Islam,,
11,lek,26,建立,jiàn lì,"(TV, 1) gründen, errichten, aufbauen",,
11,lek,27,教堂,jiào táng,(N) Kirche,,
11,lek,28,教徒,jiào tú,"(N) Anhänger einer Religion, Jünger",,
11,lek,29,祭拜,jì bài,"(TV, 1) opfern",,
11,lek,30,基督,jī dū,(N) Jesus Christus,,
11,lek,31,基督教,jī dū jiào,"(N) Christentum, speziell Protestantismus",,
11,lek,32,敬意,jíng yì,"(N) Respekt, Hochachtung",,
11,lek,33,近年,jìn nián,(N) seit ein paar Jahren,,
11,lek,34,孔廟,kǒng miào,(N) Konfuziustempel,,
11,lek,35,孔子,kǒng zǐ,"(N) Konfuzius, Meister Kong [551-479]",,
11,lek,36,寬容,kuān róng,"(SV) liberal, tolerant",,
11,lek,37,力量,lì liàng,(N) Kraft,,
11,lek,38,歷史悠久,lì shǐ yōu jiǔ,"(Idiom) alt [Gebäude, Institutionen]",,
11,lek,39,例子,lì zi,(N) Beispiel,,
11,lek,40,龍山寺,lóng shān sì,(N) Longshan-Tempel [in Taibei],,
11,lek,41,農曆,nóng lì,(N) chinesischer traditioneller Mondkalender,,
11,lek,42,祈求,qí qiú,"(TV, 1) von Gottheiten erbitten, beten um",,
11,lek,43,勸,quàn,"(TV, 1) zuraten, ermahnen",,
11,lek,44,勸人向善,quàn rén xiàng shàn,(Idiom) die Menschen zum Guten ermahnen,,
11,lek,45,人格,rén gé,"(N) Charakter, Persönlichkeit",,
11,lek,46,人山人海,rén shān rén hǎi,(Idiom) unübersehbare Menschenmenge,,
11,lek,47,儒家,rú jiā,(N) konfuzianische Philosophen,,
11,lek,48,生意人,shēng yì rén,"(N) Gewerbetreibende, Geschäftsleute",,
11,lek,49,神明,shén míng,"(N) Gottheit, Götter",,
11,lek,50,寺廟,sì miào,"(N) Tempel, Kultstätte",,
11,lek,51,思想,sī xiǎng,"(N) Denken, Philosophie, Ideologie",,
11,lek,52,天主,tiān zhǔ,"(N) Gott, Herrgott",,
11,lek,53,天主教,tiān zhǔ jiào,(N) Katholizismus,,
11,lek,54,提倡,tí chàng,"(TV, 1) propagieren, eintreten für",,
11,lek,55,同一,tóng yī ,"(Pron) der, die, dasselbe",,
11,lek,56,外來,wài lái,"(SV) extern, von außen kommend",,
11,lek,57,完整,wán zhěng,"(SV) vollständig, integriert, zusammenhängend",,
11,lek,58,偉大,wěi dà,"(SV) groß, bedeutend",,
11,lek,59,為何,wèi hé,(Pron) warum?,,
11,lek,60,信徒,xìn tú,"(N) Gläubiger, Anhänger",,
11,lek,61,信仰,xìn yǎng,"(N) Glaube, religiöse Überzeugung",,
11,lek,62,亞洲,yà zhōu,(N)Asien,,
11,lek,63,印度教,yìn dù jiào,(N) Hinduismus,,
11,lek,64,伊斯蘭教,yī sī lán jiào,(N) Islam,,
11,lek,65,用來,yòng lái,"(TV, 1) benutzt werden für",,
11,lek,66,擁有,yōng yǒu,"(TV, 1) haben, verfügen über, besitzen",,
11,lek,67,願望,yuàn wàng,"(N) Hoffnung, Wunsch",,
11,lek,68,正面,zhèng miàn,"(SV) positiv, mit guten Auswirkungen",,
11,lek,69,自由,zì yóu,(N) Freiheit,,
11,lek,70,宗教,zōng jiào,(N) Religion,,
11,lek,71,尊敬,zūn jìng,"(TV, 1) hochschätzen, verehren",,
11,lek,72,祖先,zǔ xiān,(N) Vorfahren,,
11,üb,1,大街小巷,dà jiē xiǎo xiàng,"(Idiom) in allen Straßen und Gassen, überall",,
11,üb,2,地球暖化,dì qiú nuǎn huà,(N) globale Erwärmung,,
11,üb,3,福音,fú yīn,"(N) Evangelium, Frohe Botschaft, Gospel",,
11,üb,4,概況,gài kuàng,"(N) Abriss, Überblick",,
11,üb,5,國劇社,guó jù shè,(N) Theatergruppe; AG für chinesisches traditionelles Theater, AG für chinesisches traditionelles Theater,
11,üb,6,進入,jìn rù,"(TV, 1) eintreten in",,
11,üb,7,暖化,nuǎn huà,(N) Erwärmung,,
11,üb,8,上帝,shàng dì,(N) Gott [speziell christlicher],,
11,üb,9,師傅,shī fu,"(N) Meister, Hausmeister, Chef",,
11,üb,10,睡著,shuì zháo,(VK) einschlafen,,
11,üb,11,特定,tè dìng,"(SV) speziell, spezifisch",,
11,üb,12,舞蹈社,wǔ dǎo shè,"(N) Tanzgruppe, Tanz AG",,
11,üb,13,養,yǎng,"(TV, 1) sorgen für, aufziehen, halten (Tiere)",,
11,üb,14,責任,zé rèn,"(N) Verantwortung, Verpflichtung",,
11,üb,15,尊重,zūn zhòng,"(TV, 1) verehren, respektieren",,
11,üb,16,昨晚,zuó wǎn,"(N) gestern Abend, gestern Nacht",,
11,zu,1,百分之,bǎi fēn zhī,(N) Prozent,,
11,zu,2,拜佛,bài fó,(VO) Buddha verehren,,
11,zu,3,北港,běi gǎng,"(N) Beigang, Ort im Landkreis Yúnlín 雲林, Taiwan",,
11,zu,4,稟明,bǐng míng,"(TV, 1) an höhere Dienstelle oder Gottheit übermitteln",,
11,zu,5,步驟,bù zhòu,(IV) Schritt für Schritt vorgchen,,
11,zu,6,查明,chá míng,"(TV, 1) herausfinden, feststellen",,
11,zu,7,朝天宮,cháo tiān gōng,"(N) Chaotian-Tempel, Mazu-Heiligtum in Beigang",,
11,zu,8,賜予,cì yǔ,"(TV, 1) verleihen, gewähren, geben, schenken",,
11,zu,9,聰明,cōng ming,"(SV) intelligent, klug, aufgeweckt",,
11,zu,10,弟子,dì zǐ,"(N) Schüler, Jünger, Anhänger [Sekte, Religion]",,
11,zu,11,發糕,fā gāo,(N) „Schwellkuchen“: Muffin-ähnliches Gebäck,,
11,zu,12,分析,fēn xī,"(TV, 1) analysieren; (N) Analyse",,
11,zu,13,柑橘,gān jú,"(N) Orangen, Apfelsinen",,
11,zu,14,高昇,gāo shēng,"(IV) aufsteigen, Karriere machen",,
11,zu,15,功能,gōng néng,(N) Funktion,,
11,zu,16,筊,jiǎo ,(N) paarige halbmondförmige Divinationsmittel,,
11,zu,17,吉利,jí lì,"(SV) glückverheißend, glückbringend",,
11,zu,18,敬拜,jìng bài,(IV) sich ehrfurchtsvoll verneigen,,
11,zu,19,競爭力,jìng zhēng lì,"(N) Wettbewerbsfähigkeit, Konkurrenzfähigkeit",,
11,zu,20,韭菜,jiǔ cài,(N) Schnittlauch,,
11,zu,21,媽祖,mā zǔ,"(N) Mazu, im Daoismus deifizierte Person: 林 默娘 Lín Mòniáng [geb. ca. 960], ist die & Tiänhöu genannte daoistische Schutzgöttin der Fischer und Seefahrer",,
11,zu,22,麵線,miàn xiàn,"(N) Nudeln [als Handelsware, nicht zubereitet]",,
11,zu,23,年糕,nián gāo,(N) Neujahrskuchen: süße Reiskuchen mit Früchten,,
11,zu,24,籤詩,qiān shī,(N) Gedicht auf Wahrsagestäbchen,,
11,zu,25,籤竹,qiān zhú,(N) Wahrsagestäbchen [im Tempel],,
11,zu,26,求籤,qiú qiān,(VO) die Wahrsagestäbchen befragen [im Tempel],,
11,zu,27,取代,qǔ dài,"(TV, 1) substituieren, ersetzen durch",,
11,zu,28,上香,shàng xiāng,(VO) Weihrauchopfer darbringen,,
11,zu,29,生辰,shēng chén,(N) astronomische Daten der Geburtsstunde,,
11,zu,30,聖筊,shèng jiǎo,(N) Jiǎo [halbmondförmige paarige Divinationsmittel],,
11,zu,31,詩,shī,(N) Gedicht,,
11,zu,32,是否,shì fǒu,"(Konj) ob; -oder nicht, ...",,
11,zu,33,事件,shì jiàn,"(N) Angelegenheit; Vorfall, Zwischenfall",,
11,zu,34,壽桃,shòu táo,(N) Pfirsiche zum Geburtstag [für langes Leben],,
11,zu,35,蒜,suàn,(N) Knoblauch,,
11,zu,36,所要的,suǒ yào de,"(N) der, die, das Erwünschte",,
11,zu,37,糖果,táng guǒ,"(N) Konfekt, Süßigkeiten",,
11,zu,38,湯圓,tāng yuán,(N) süße Reismehlklöschen in Brühe,,
11,zu,39,甜蜜,tián mì,"(SV) süß, honigsüß",,
11,zu,40,團圓,tuán yuán,(TV) sich als Familie zusammenfinden,,
11,zu,41,問卷,wèn juàn,(N) Fragebogen,,
11,zu,42,縣,xiàn,(N) Landkreis; Sitz einer Kreisverwaltung, Sitz einer Kreisverwaltung,
11,zu,43,螢幕,yíng mù,"(N) Bildschirm, Monitor",,
11,zu,44,儀式,yí shì,(N) Ritual,,
11,zu,45,圓滿,yuán mǎn,"(SV) perfekt, rundum zufriedenstellend",,
11,zu,46,鎮,zhèn,(N) große Kreisstadt,,
11,zu,47,擲笑,zhì xiào,(VO) ein Paar Jiao auf den Boden werfen [Divination],,
11,zu,43,住址,zhù zhǐ,"(N) Wohnadresse, Anschrift",,
12,wi,1,回教徒,huí jiào tú,(N) Moslem,,
12,wi,2,叫做,jiào zuò,"(TV, 1) genannt werden, sogenannt",,
12,wi,3,基督徒,jī dū tú,(N) Christ,,
12,wi,4,菊花,jú huā,(N) Chrysantheme [Sinnbild des Herbstes],,
12,wi,5,類,lèi,"(N) Kategorie, Art, Klasse",,
12,wi,6,離開,lí kāi,"(TV, 1) verlassen",,
12,wi,7,玲玲,líng líng,(N) Lingling [weiblicher Vorname],,
12,wi,8,鄰居,lín jū,"(N) Nachbarschaft, benachbart",,
12,wi,9,情人,qíng rén,"(N) Freund(in), Geleibte(r)",,
12,wi,10,情人節,qíng rén jié,(N) Valentine’s Day,,
12,wi,11,身上,shēn shàng,"(N) am Körper, dabei",,
12,wi,12,順利,shùn lì,"(SV) günstig, nach Wunsch, glatt verlaufend",,
12,wi,13,通常,tōng cháng,"(Adv) normalerweise, gewöhnlich",,
12,wi,14,違反,wéi fǎn,"(TV, 1) verstoßen gegen [Sitten, Gesetze]",,
12,wi,15,鞋子,xié zi,(N) Schuhe,,
12,wi,16,引起,yǐn qǐ,"(TV, 1) anregen, bewirken, hervorrufen",,
12,wi,17,友情,yǒu qíng,"(N) Freundschaft, Zuneigung",,
12,wi,18,原來,yuán lái,"(SV) ursprünglich; (Konj) eigentlich; es stellt sich heraus, dass",,
12,wi,19,月下老人,yuè xià lǎo rén,(N) der Alte im Mondlicht [mythol. Figur],,
12,wi,20,之外,zhī wài,"(Affix) abgesehen von, außer",,
12,wi,21,重要性,zhòng yào xìng,"(N) Wichtigkeit, Bedeutung, Relevanz",,
12,wi,22,租屋,zū wū,(VO) Zimmer mieten,,
13,gr,1,拜年,bài nián,(VO) Neujahrsglückwünsche aussprechen,einen offiziellen Neujahrsbesuch machen,
13,gr,2,餅乾,bǐng gān,(N) Kekse,,
13,gr,3,財富,cái fù,"(N) Reichtum, Wohlstand",,
13,gr,4,長生不老,cháng shēng bù lǎo,(Idiom) unsterblich sein [Lebewesen],,
13,gr,5,趁著,chèn zhe,"(CV) anlässlich, bei dieser Gelegenheit",,
13,gr,6,初二,chū èr,(N) der zweite Tag des Monats im Mondkalender,,
13,gr,7,從此,cóng cǐ,"(Adv) ab dann, von diesem Punkt an",,
13,gr,8,袋子,dài zi,(N) Tüte,,
13,gr,9,當時,dāng shí,"(N) damals, damalig",,
13,gr,10,大年初一,dà nián chū yī,(N) der erste Tag des neuen Jahres [nach dem Mondkalender],,
13,gr,11,燈籠,dēng lóng,"(N) Laterne, Lampion",,
13,gr,12,弓箭,gōng jiàn,(N) Pfeil und Bogen,,
13,gr,13,恭喜發財,gōng xǐ fā cái,(Idiom) „Möget ihr im neuen Jahr reich werden!“,,
13,gr,14,規矩,guī ju,"(N) Regel, Vorschrift",,
13,gr,15,古老,gǔ lǎo,"(SV) alt, traditionell",,
13,gr,16,國君,guó jūn,"(N) Herrscher, König",,
13,gr,17,故事,gù shì,"(N) Geschichte, Erzählung",,
13,gr,18,紅包,hóng bāo,(N) roter Umschlag für Geldgeschenke,,
13,gr,19,后羿,hòu yì,"(N) Hou Yi, legendärer Bogenschütze",,
13,gr,20,花燈,huā dēng,"(N) bunte, verzierte Laternen [zum Laternenfest|",,
13,gr,21,嫁,jià,(IV) heiraten [von der Frau aus gesehen|,,
13,gr,22,繼續,jì xù,"(TV, 1) fortsetzen, weiter-",,
13,gr,23,記憶,jì yì,"(TV, 1) sich erinnern; (N) Gedächtnis, Erinnerung",,
13,gr,24,記憶力,jì yì lì,"(N) Gedächtnis, Merkfähigkeit",,
13,gr,25,口耳相傳,kǒu ěr xiāng chuán,(Idiom) mündlich tradiert,,
13,gr,26,零用錢,líng yòng qián,(N) Taschengeld,,
13,gr,27,留下,liú xià,"(TV, 1) zurücklassen, übriglassen",,
13,gr,28,目中無人,mù zhōng wú rén,(Idiom) selbstverliebt und anmaßend,,
13,gr,29,娘家,niáng jia,(N) Familie der Ehefrau,,
13,gr,30,年年有餘,nián nián yǒu yú,(Idiom) „Überfluss Jahr für Jahr“,,
13,gr,31,年夜飯,nián yè fàn,"(N) Essen am letzten Tag des alten Jahres, Silvesteressen",,
13,gr,32,女兒,nǚ ér,(N) Tochter,,
13,gr,33,強,qiáng,"(SV) stark, kräftig, lebendig",,
13,gr,34,清明節,qīng míng jié,(N) Qingming-Fest [am 15. Tag nach dem Frühjahrsäquinoktium],,
13,gr,35,輕飄飄,qīng piāo piāo,(SV) federleicht,,
13,gr,36,妻子,qī zǐ,(N) Ehefrau,,
13,gr,37,上街,shàng jiē,"(VO) ausgehen, einkaufen gehen,",,
13,gr,38,受苦,shòu kǔ,"(IV) leiden, Schwierigkeiten haben",,
13,gr,39,水深火熱,shuǐ shēn huǒ rè,"(Idiom) unter schwierigsten Bedingungen, in Not und Elend",,
13,gr,40,碎,suì,"(IV) zerbrechen; (N) Splitter, Scherbe, Bruchstück",,
13,gr,41,歲歲平安,suì suì píng ān,(ITdiom) Alles Gute zum Neuen Jahr!,,
13,gr,42,甜食,tián shí,"(N) Süßwaren, Zuckersachen",,
13,gr,43,偷吃,tōu chī,"(TV, 1) heimlich aufessen; (N) Mundraub",,
13,gr,44,偷偷地做,tōu tōu dì zuò,(Adv.) etwas ganz heimlich tun,,
13,gr,45,團聚,tuán,"(IV) Familientreffen haben, sich versammeln",,
13,gr,46,團圓,tuán yuán,(IV) ein Familientreffen abhalten,,
13,gr,47,外地,wài dì,"(N) Orte anderswo, die Fremde",,
13,gr,48,壓歲錢,yā suì qián,(N) Geldgeschenke für Kinder zum Neuen Jahr [„um die Lebensjahre zu drücken“],,
13,gr,49,一國之君,yì guó zhī jūn,(N) Herrscher des gesamten Reiches,,
13,gr,50,擁護,yōng hù,"(TV, 1) befürworten, unterstützen",,
13,gr,51,永遠,yǒng yuǎn,(SV) ewig,,
13,gr,52,月亮,yuè liang,(N) Mond,,
13,gr,53,於是,yú shì,"(Konj) deshalb, dann, daraufhin",,
13,gr,54,長輩,zhǎng bèi,(N) Familienangehörige der älteren Generation,,
13,gr,55,招待不周,zhāo dài bù zhōu,(Idiom.) kein guter Gastgeber sein,,
13,gr,56,真正,zhēn zhèng,"(SV) echt, genuin, wirklich",,
13,gr,57,中秋節,zhōng qiū jié,"(N) Mittherbstfest, Mondfest [am 15. Tag des 8. Monats]",,
13,gr,58,著名,zhù míng,"(SV) berühmt, bekannt",,
13,gr,59,作威作福,zuò wēi zuò fú,"(Idiom) willkürlich, diktatorisch handeln",,
13,üb,1,敗亡,bài wáng,"(IV) geschlagen sein, untergehen",,
13,üb,2,抱,bào,"(TV, 1) umarmen, in den Armen halten",,
13,üb,3,嫦娥奔月,cháng é bēn yuè,(Idiom) Chang’e flüchtet sich zum Mond [mythol.],,
13,üb,4,楚國,chǔ guó,(N) das Reich Chu im chin. Altertum mit der Hauptstadt 郢 Ying im heutigen Húbei 湖北,,
13,üb,5,春聯,chūn lián,"(N) glückverheißende Verse zum Neuen Jahr [in gebundener Sprache, antithetisch in Paaren]",,
13,üb,,春天,chūn tiān,(N) Frühling,,
13,üb,7,除夕,chú xī /chú xì,"(N) Altjahrsabend, Silvesterabend",,
13,üb,8,刺激,cì jī,"(SV) stimulierend; (N) Anreiz, Stimulans",,
13,üb,9,大臣,dà chén,"(N) hoher Beamter, Würdenträger",,
13,üb,10,端午節,duān wǔ jié,"(N) Fest des 5. Tages des 5. Monats [Mondkalender], Drachenbootfest",,
13,üb,11,反而,fǎn ér,"(Adv) im Gegenteil, stattdessen",,
13,üb,12,趕走,gǎn zǒu,"(TV, 1) verjagen, vertreiben, verscheuchen",,
13,üb,13,划,huà,"(TV, 1) [ein Boot] rudern",,
13,üb,14,居民,jū mín,"(N) Anwohner, Bewohner",,
13,üb,15,流利,liú lì,"(SV) fließend, gewandt [Aussprache, Rede]",,
13,üb,16,龍舟,lóng zhōu,(N) Drachenboot,,
13,üb,18,年貨,nián huò,(N) Saisonartikel zum Frühlingsfest,,
13,üb,19,敲鑼,qiāo luó,(VO) den Gong schlagen,,
13,üb,20,敲鼓,qiāo gǔ,"(VO) trommeln, Trommel schlagen",,
13,üb,21,秋天,qiū tiān,(N) Herbst,,
13,üb,22,屈原,qū yuán,"(N) Qu Yuan, Dichter",,
13,üb,23,勸告,quàn gào,"(TV, 1) zuraten, Ratschlag geben; (N) Ratschlag",,
13,üb,24,全國上下,quán guó shàng xià,(N) das ganze Land,,
13,üb,25,全家人,quán jiā rén,"(N) die komplette Familie, alle Angehörigen",,
13,üb,26,上下,shàng xià,"(N) hoch und niedrig, auf allen Ebenen",,
13,üb,27,時代,shí dài,"(N) Ära, Epoche",,
13,üb,28,詩人,shī rén,(N) Dichter,,
13,üb,29,危險,wēi xiǎn,"(SV) gefährlich, riskant",,
13,üb,30,吳,wú ,(N) Familienname: Wú,,
13,üb,31,嚇,xià,"(TV, 1) erschrecken, Angst einjagen",,
13,üb,32,小人,xiǎo rén,"(N) Egoist, Kleinkrämer, Schuft",,
13,üb,33,蝦耶,xiā yé,"(N) Krabben, Krebse, Garnelen",,
13,üb,34,藥局,yào jú,(N) Apotheke,,
13,üb,35,迎接,yíng jiē,"(TV, 1) willkommen heißen, begrüßen",,
13,üb,36,由來,yóu lái,"(N) Quelle, Ursprung, Herkunft",,
13,üb,37,魚蝦,yú xiā,(N) Fische und Krabben: Wassergetier allgemein,,
13,üb,38,戰國時代,zhàn guó shí dài,"(N) die Epoche der Streitenden Reiche [der
östlichen Zhou-Zeit]",,
13,üb,39,自殺,zì shā,"(N) Suizid, Selbstmord: (IV) Suizid begehen",,
13,üb,40,粽子,zòng zi,(B) in Bambusblätter gewickelter Klebereis,,
13,üb,41,作法,zuò fǎ,"(N) Vorgehensweise, Methode",,
13,zu,1,花椰菜,huā yē cài,"(N) Brassica oleracea, Blumenkohl",,
13,zu,2,荔枝,lìzhī,"(N) Litchi sinensis, Litchi-Baum, chin. Haselnuss",,
13,zu,3,年菜,nián cài,(N) Festtagsgerichte zum Neujahr,,
13,zu,4,盛世,shèng shì,"(N) Blütezeit [Epoche, Zeitalter]",,
13,zu,5,柿子,shì zi,"(N) Diospyrus kaki, Kakipflaume, Dattelpflaume",,
13,zu,6,水餃,shuǐ jiǎo,"(N) in Wasser gegarte Maultaschen, Jiaozi",,
13,zu,7,洋洋,yáng yáng,"(SV) unermesslich, zahllos, überreichlich",,
13,zu,8,一帆風順,yì fān fēng shùn,(Idiom) „ein Segel gefüllt mit günstigem Wind“, alles läuft nach Wunsch,
13,zu,9,陣,zhèn,(Met) für intermittierend wiederkehrende Ereignisse,,
13,zu,10,陣陣,zhèn zhè,"(N) ein um das andere Mal, immer wieder",,
14,gr,1,保證,bǎo zhèng,"(TV, 1) garantieren, versichern; (N) Garantie",,
14,gr,2,不久,bù jiǔ,"(Adv) bald, kurz darauf",,
14,gr,3,不同,bù tóng,"(SV) unterschiedlich sein, anders sein",,
14,gr,4,承擔,chéng dān,"(TV, 1) übernehmen, tragen, verantwortlich sein",,
14,gr,5,程度,chéng dù,(N) Ausmaß,,
14,gr,6,從…做起,cóng…zuò qǐ,"(CV) anfangen mit ..., beginnend mit ...",,
14,gr,7,從事,cóng shì,"(TV, 1) sich beschäftigen mit, leben von",,
14,gr,8,存在,cún zài,"(IV) existieren, leben",,
14,gr,9,待遇,dài yù,(N) Behandlung,,
14,gr,10,大男人主義,dà nán rén zhǔ yì,(N) Chauvinismus,,
14,gr,11,地位,dì wèi,"(N) Stellung, Position, Status",,
14,gr,12,對於,duì yú,"(CV) bezüglich, über",,
14,gr,13,發揮,fā huī,"(TV, 1) entfalten, entwickeln",,
14,gr,14,發揮所長,fā huī suǒ cháng,"(VO) das entfalten, worin man wirklich gut ist seine wahren Fähigkeiten zur Geltung bringen",,
14,gr,15,放棄,fàng qì,"(TV, 1) aufgeben, verzichten auf",,
14,gr,16,否則,fǒu zé,(Konj).) andernfalls,,
14,gr,17,夫妻,fū qī,"(N) Eheleute, Ehepaar",,
14,gr,18,負責,fù zé,"(TV, 1) Verantwortung tragen für, zuständig sein",,
14,gr,19,感受,gǎn shòu,"(TV, 1) verspüren, empfinden, erfahren",,
14,gr,20,各自,gè zì,"(Pron) sein/ihr eigenes, jeder seins, respektive",,
14,gr,21,公平,gōng píng,"(N) Gerechtigkeit; (SV) gerecht, fair",,
14,gr,22,公務員,gōng wù yuán,(N) Angestellte(r) im öffentlichen Dienst,,
14,gr,23,觀點,guān diǎn,"(N) Sichtweise, Ansicht, Aspekt, Meinung",,
14,gr,24,過度,guò dù,"(Adv) zu sehr, exzessiv",,
14,gr,25,合理,hé lǐ,"(SV) vernünftig, rational",,
14,gr,26,婚姻,hūn yīn,"(N) Ehe, Heirat",,
14,gr,27,或者,huò zhě,(Adv.) oder,,
14,gr,28,可愛,kě ài,"(SV) liebenswert, niedlich, nett",,
14,gr,29,兩性,liǎng xìng,(N) die zwei Geschlechter [m/f],,
14,gr,30,理所當然,lǐ suǒ dāng rán,(Idiom) das versteht sich von selbst,,
14,gr,31,落伍,luò wǔ,"(TV) zurückgeblieben sein, rückständig sein",,
14,gr,32,男女平等,nán nǚ píng děng,(N) Gleichberechtigung von Mann und Frau,,
14,gr,33,男人,nán rén,"(N) Mann, Männer-",,
14,gr,34,男主外女主內,nán zhǔ wài nǚ zhǔ nèi,"(Idiom) „der Mann lebt draußen, die Frau herrscht drinnen“ Frauen gehören in die Küche",,
14,gr,35,能幹,néng gàn,"(SV) kompetent, fähig",,
14,gr,36,女性,nǚ xìng,"(N) das weibliche Geschlecht, Frauen",,
14,gr,37,平等,píng děng,"(N) Gleichheit, Gleichberechtigung",,
14,gr,38,平等權,píng děng quán,(N) Gleichberechtigung,,
14,gr,39,平權,píng quán,"(N) Gleichberechtigung, gleiches Recht auf",,
14,gr,40,批評,pī píng,"(TV, 1) kritisieren",,
14,gr,41,歧視,qí shì,"(N) Diskriminierung, Benachteiligung; (TV, 1) benachteiligen",,
14,gr,42,全部,quán bù,"(N) das Ganze, sämtlich, alle",,
14,gr,43,全心全意,quán xīn quán yì,(Idiom) mit ganzem Herzen und vollem Willen,,
14,gr,44,商量,shāng liang,"(TV, 1) besprechen, verhandeln",,
14,gr,45,生兒育女,shēng ér yù nǚ,(Idiom) Kinder bekommen und großziehen,,
14,gr,46,適婚年齡,shì hūn nián líng,(N) Heiratsalter,,
14,gr,47,實現,shí xiàn,"(TV, 1) verwirklichen, realisieren",,
14,gr,48,市政府,shì zhèng fǔ,(N) Stadtverwaltung,,
14,gr,49,說話算話,shuō huà suàn huà,"(Idiom) was man sagt, das zählt",,
14,gr,0,思考,sī kǎo,"(TV, 1) nachdenken, überlegen",,
14,gr,51,替,tì,"(CV) für, anstelle von",,
14,gr,52,晚婚,wǎn hūn,(N) späte Heirat,,
14,gr,53,未婚,wèi hūn,"(N) ledig, unverheiratet",,
14,gr,54,性,xìng,"(N) Natur, Charakter, Sex",,
14,gr,5,性別,xìng bié,"(N) Geschlechtsunterschied, männlich / weiblich",,
14,gr,56,幸福,xìng fú,(SV) glücklich,,
14,gr,57,學以致用,xué yǐ zhì yòng,"(Idiom) lernen, um es später anzuwenden",,
14,gr,58,也許,yě xǔ,"(Adv) vielleicht, möglicherweise",,
14,gr,39,一些,yì xiē,"(Pron) einige, ein paar",,
14,gr,60,一再,yí zài,(Adv) wieder und wieder,,
14,gr,61,優缺點,shǎ quē diǎn,"(N) Stärken und Schwächen, Vorzüge und Nachteile",,
14,gr,62,於,yú,"(Kon)) in, an, auf, bei, unter",,
14,gr,63,育嬰假,yù yīng jià,"(N) gesetzlicher Mutterschaftsurlaub, Vaterschaftsurlaub",,
14,gr,64,責任,zé rèn,"(N) Pflicht, Verantwortung, Schuldigkeit",,
14,gr,65,之所以,zhī suǒ yǐ,(N) der Grund für,,
14,gr,66,至少,zhì shǎo,(Adv.) mindestens,,
14,gr,67,種族,zhǒng zú,"(N) Ethnie, Volksstamm, Rasse",,
14,gr,68,專心,zhuān xīn,"(TV, 1) sich konzentrieren auf",,
14,gr,69,專業,zhuān yè,(N) Hauptstudienfach,,
14,üb,1,被迫,bèi pò,"(TV, 1) gezwungen sein zu; (Adv) gezwungenermaßen",,
14,üb,2,辦公室,bàn gōng shì,(N) Büro,,
14,üb,3,差異,chā yì,"(N) Diskrepanz, Unterschied, Kluft",,
14,üb,4,加薪,jiā xīn,(VO) Gehaltserhöhung,,
14,üb,5,家常,jiā cháng,"(SV) alltäglich, trivial, nichts besonderes",,
14,üb,6,家常菜,jiā cháng cài,"(N) Alltagsessen, Hausmannskost",,
14,üb,7,急事,jí shì,(N) dringende Angelegenheit,,
14,üb,8,男尊女卑,nán zūn nǚ bēi,"(Idiom) Männer werden geachtet, Frauen nicht respektiert",,
14,üb,9,排名,pái míng,"(VO) eingereiht sein als, an einer Stelle stehen",,
14,üb,10,任務,rèn wu,"(N) Aufgabe, Verpflichtung",,
14,üb,11,升職,shēng zhí,(IV) beruflich aufsteigen,,
14,üb,12,事實,shì shí,"(N) Gegebenheit, Realität, Tatsache",,
14,üb,13,特質,tè zhì,"(N) Besonderheit, Charakteristik, spezielle Qualität",,
14,üb,14,已婚,yǐ hūn,(N) verheiratet,,
14,üb,15,政治,zhèng zhì,(N) Politik,,
14,üb,16,煮,zhǔ,"(TV, 1) in Wasser abkochen",,
14,üb,17,自願,zì yuàn,"(Adv) freiwillig, aus freien Stücken",,
14,zu,1,本地,běn dì,"(N) hiesige Gegend, betreffende Region",,
14,zu,2,操作,cāo zuò,"(TV, 1) bedienen [Maschine, Gerät]",,
14,zu,3,嘗試,cháng shì,"(TV, 1) ausprobieren, versuchen",,
14,zu,4,誠聘,chéng pìn,"(N) Stellenausschreibung, Stellenangebot",,
14,zu,5,打扮,dǎ ban,"(TV) sich stylen, sich zurechtmachen",,
14,zu,6,感到,gǎndào,"(TV, 1) den Eindruck haben, das Gefühl haben",,
14,zu,7,佳,jiā,"(SV) angenehm, lieblich; distinguiert, serliös",,
14,zu,8,嘉輝會酒店,jiā huī huì jiǔ diàn,(N) Castfast Hotel [in Hongkong],,
14,zu,9,階級,jiē jí,"(N) gesellschaftliche Klasse, Schicht",,
14,zu,10,階級歧視,jiē jí qí shì,(N) Klassendiskriminierung,,
14,zu,11,金錢,jīn qián,"(N) Geld, Bares",,
14,zu,12,酒店,jiǔ diàn,"(N) Weinstube, Trinklokal; Hotel",,
14,zu,13,看得出來,kàn de chū lái,"(VK) es wird ersichtlich, dass; es folgt daraus",,
14,zu,14,客源,kè yuán,"(N) Herkunftsort [von Mitarbeitern, Touristen]",,
14,zu,15,狂熱,kuáng rè,"(SV) fanatisch, wie besessen; (N) Sucht, Manie",,
14,zu,16,男婚女嫁,nán hūn nǚ jià,(Idiom) „Männer sollen heiraten und Frauen unter die Haube kommen“ Familie als gesellschaftliche Leitvorstellung,,
14,zu,17,男女授受不親,nán nǚ shòu shòu bù qīn,"(Idiom) „Geben und Nehmen zwischen Mann und Frau soll nicht vertraut wirken“ Paare halten in der
Öffentlichkeit Abstand voneinander [Wortspiel: 授受 shòushòu 手手shǒushǒu „Hand in Hand‘‘]",,
14,zu,18,男女有別,nán nǚ yǒu bié,(Idiom) Männer und Frauen sind verschieden zu behandeln,,
14,zu,19,鬧鐘,nào zhōng,(N) Wecker,,
14,zu,20,年齡歧視,nián líng qí shì,(N) Altersdiskriminierung,,
14,zu,21,聘,pìn,"(TV, 1) einstellen, anstellen",,
14,zu,22,貧富,pín fù,(N) Arm und Reich,,
14,zu,23,貧富差異,pín fù chā yì,(N) Kluft zwischen Arm und Reich,,
14,zu,24,情形,qíng xing,"(N) Umstände, Lage, Verhältnisse",,
14,zu,25,期望,qī wàng,"(TV, 1) warten, hoffen auf",,
14,zu,26,氣質,qì zhí,"(N) Wesen, Charakter, Temperament",,
14,zu,27,如下,rú xià,"(N) wie folgt, siehe unten",,
14,zu,28,尚未,shàng wèi,(Adv) noch nicht,,
14,zu,29,時尚,shí shàng,"(N) Mode, Zeitgeschmack; (SV) modisch",,
14,zu,30,事物,shì wù,"(N) Ding, Sache, Angelegenheit",,
14,zu,31,收入,shōu rù,(N) Einkommen,,
14,zu,32,熟悉,shú xī,"(TV, 1) vertraut sein mit, sich auskennen in",,
14,zu,33,穩定,wěn dìng,"(SV) zuverlässig, solide, stabil",,
14,zu,34,穩定性,wěn dìng xìng,"(N) Stabilität, Konstanz, Zuverlässigkeit",,
14,zu,35,文秘,wén mì,"(N) Verwaltungskraft, Sekretär(in), Sachbearbeiter",,
14,zu,36,銷售,xiāo shòu,"(TV, 1) vertreiben, verkaufen; (N) Vertrieb, Umsatz",,
14,zu,37,銷售主任,xiāo shòu zhǔ rèn,"(N) Vertriebschef, Sales Director",,
14,zu,38,性別歧視,xìng bié qí shì,(N) sexuelle Diskriminierung,,
14,zu,39,形象,xíng xiàng,(N) äußeres Erscheinungsbild,,
14,zu,40,形象氣質佳,xíng xiàng qì zhì jiā,(N) von seriöser äußerer Erscheinung und distinguiertem Charakter,,
14,zu,41,新奇,xīn qí,"(SV) neuartig, fremdartig; (N) Novität, Neuheit",,
14,zu,42,心思,xīn si,"(N) Ideen, Vorstellungen; Stimmung, Laune",,
14,zu,43,以上,yǐ shàng,"(N) mehr als, darüber hinaus",,
14,zu,44,由此,yóu cǐ,"(VO) hieraus, davon, hierdurch",,
14,zu,45,由此可見,yóu cǐ kě jiàn,"(Idiom) wie man sehen kann, folglich, demnach",,
14,zu,46,粵語,yuè yǔ,(N) Kantonesisch,,
14,zu,47,重男輕女,zhòng nán qīng nǚ,"(Idiom) Männer gelten als schwer, Frauen als leicht",,
14,zu,48,種族歧視,zhǒng zú qí shì,"(N) Rassismus, Fremdenfeindlichkeit",,
14,zu,49,主任,zhǔ rèn,"(N) Direktor, Vorstand, Chef",,
14,zu,50,自在,zì zai,"(SV) zwanglos, ungeniert, gemütlich",,
15,gr,1,奧地利,ào dì lì,(N) Österreich,,
15,gr,2,版本,bǎn běn,"(N) Ausgabe, Edition",,
15,gr,3,變化,biàn huà,"(N) Veränderung, Wechsel",,
15,gr,4,曾經,céng jīng,"(Adv.) früher, damals",,
15,gr,3,成績單,chéng jì dān,"(N) Record of Studies, Leistungsnachweise",,
15,gr,6,充實,chōng shí,"(TV, 1) bereichern, untermauern, erfüllen",,
15,gr,7,大三,dà sān,"(N) 3. Jahr im College: Junior (Abk, für dàxué sān niánjí 大學三年級)",,
15,gr,8,東方,dōng fāng,(N) Osten,,
15,gr,9,發達,fā dá,"(IV) gedeihen, sich entwickeln",,
15,gr,10,乏人問津,fá rén wèn jīn,(Idiom) vollkommen uninteressant scin,,
15,gr,11,符合,fú hé,"(TV, 1) im Einklang stehen mit, in Übereinstimmung sein mit",,
15,gr,12,副修,fù xiū,"(TV, 1) etwas im Nebenfach studieren",,
15,gr,13,貴系,guì xì,(N) „Ihr hochverehrtes Institut“ & guì ist Höflichkeitspräfix,,
15,gr,14,古籍,gǔ jí,(N) klassisches Schrifttum,,
15,gr,15,古人,gǔ rén,(N) die Menschen des Altertums,,
15,gr,16,伙伴,huǒ bàn,"(N) Partner, Kumpel, Kollege",,
15,gr,17,交換,jiāo huàn,"(TV, 1) austauschen, Austausch-",,
15,gr,18,加以,jiā yǐ,"(Konj.) und dazu noch; hinzukommt, dass",,
15,gr,19,機會,jī huì,"(N) Gelegenheit, Möglichkeit, Chance",,
15,gr,20,即使,jí shǐ,"(Konj.) gesetzt den Fall, dass; wenn",,
15,gr,21,記載,jì zǎi,"(IV) niedergeschrieben sein in, verzeichnet sein",,
15,gr,22,連結,lián jié,"(TV, 1) verbinden mit",,
15,gr,23,留學,liú xué,(IV) im Ausland studieren,,
15,gr,24,論語,lún yǔ,"(N) Analekten des Konfuzius, Gespräche des 孔丘 Kǒng Qiū  [-551 bis – 479]",,
15,gr,25,孟子,mèng zǐ,(N) das Buch Menzius des 孟軻 Meng Ke [-370? bis -290],,
15,gr,26,命運,mìng yùn,"(N) Schicksal, Los, Geschick",,
15,gr,27,目標,mù biāo,"(N) Ziel, Zweck",,
15,gr,28,難道,nán dào,(Adv.) wirklich? tatsächlich?,,
15,gr,29,詮釋,quán shì,"(N) Interpretation, Kommentar",,
15,gr,30,如此一來,rú cǐ yì lái,(Idiom) die Konsequenz wäre …, deshalb, deshalb
15,gr,31,如願以償,rú yuàn yǐ cháng,(Idiom) einen langgehegten Wunsch in Erfüllung gehen lassen,,
15,gr,32,申請函,shēn qǐng hán,(N) Bewerbungsschreiben,,
15,gr,33,時代,shí dài,"(N) Zeitalter, Epoche",,
15,gr,34,事業,shì yè,"(N) Sache, Ding, Wesen",,
15,gr,35,收穫,shōu huò,"(TV, 1) Ertrag, Errungenschaft",,
15,gr,36,碩士,shuò shì,"(N) Magister, Master",,
15,gr,37,碩士學位,shuò shì xué wèi,(N) M.A. (als akademischer Grad),,
15,gr,38,四書,sì shū,(N) die vier klassischen Bücher |des Konfuzianismus],,
15,gr,39,未來,wèi lái,(N) Zukunft,,
15,gr,40,溫故知新,wēn gù zhī xīn,(Idiom) durch Studium der Klassik zu neuen Erkenntnissen kommen,,
15,gr,41,文件,wén jiàn,"(N) Unterlagen, Dokumente",,
15,gr,42,小學,xiǎo xué,(N) Grundschule, Etymologie, Etymologie
15,gr,43,心愛,xīn ài,"(SV) geliebt, gemocht; Lieblings-",,
15,gr,44,修改,xiū gǎi,"(TV, 1) abändern, verbessern, korrigieren",,
15,gr,45,學士,xué shì,"(N) Bakkalaureus artium; Bachelor of Arts, B.A. [akademischer Titel]",,
15,gr,46,需求,xū qiú,"(N) Bedarf, Nachfrage",,
15,gr,47,研究所,yán jiū suǒ,(N) Graduate Institute,,
15,gr,48,亞太地區,yǎ tài dì qū,(N) Asiatisch-pazifischer Raum,,
15,gr,49,意義,yì yì,"(N) Sinn, Bedeutung",,
15,gr,50,緣份,yuán fèn,(N) vorherbestimmtes Schicksal,,
15,gr,51,閱讀,yuè dú,"(IV) lesen, lernen",,
15,gr,52,預料,yù liào,"(TV, 1) voraussagen, prophezeien",,
15,gr,53,證明,zhèng míng,"(TV, 1) belegen, beweisen; (N) Beweis",,
15,gr,54,直到,zhí dào,(CV) bis hin zu,,
15,gr,55,直接,zhí jiē,"(SV) direkt, unmittelbar",,
15,gr,56,至於,zhì yú,"(Konj.) betreffs; so weit kommen, dass",,
15,gr,57,作品,zuò pǐn,"(N) Werk [Kunst, Literatur]",,
15,gr,58,作曲,zuò qǔ,(IV) komponieren, (N) Komposition [Studienfach], (N) Komposition [Studienfach]
15,üb,1,必要,bì yào,"(SV) nötig, unabdingbar",,
15,üb,2,分擔,fēn dān,"(TV, 1) mittragen; (N) Aufgabenverteilung",,
15,üb,3,獲益,huò yì,"(IV) nutzbringend, einträglich sein",,
15,üb,4,獲益良多,huò yì liáng duō,"(Idiom) von größtem Nutzen, höchst einträglich",,
15,üb,5,家務,jiā wù,"(N) Haushaltspflichten, Aufgaben zu Hause",,
15,üb,6,良多,liáng duō,"(SV) ungemein viel, reichhaltig",,
15,üb,7,厲害,lì hai,"(SV) schlimm, arg, heftig, nicht zu unterschätzen",,
15,üb,8,品格,pǐn gé,"(N) Persönlichkeit, Stil, Charakter",,
15,üb,9,算起,suàn qǐ,"(IV) zählen ab, gelten ab, wirksam sein ab",,
15,zu,1,備註,bèi zhù,"(N) Vermerk, Aktennotiz",,
15,zu,2,彩色,cǎi sè,"(SV) bunt, farbig",,
15,zu,3,程式,chéng shì,"(N) Form, Modalität; (SV) formell",,
15,zu,4,程式設計,chéng shì shè jì,"(N) Programmdesign, Programmierung",,
15,zu,5,初中,chū zhōng,"(N) Unterstufe des Gymnasiums, Orientierungsstufe, Junior Highschool",,
15,zu,6,寸,cùn,"(N, Met) Maßeinheit chin. Zoll 3,33 cm",,
15,zu,7,高級,gāo jí,"(N) Oberstufe, auf höchster Stufe",,
15,zu,8,公分,gōng fēn,"(N) Zentimeter, cm",,
15,zu,9,公斤,gōng jīn,"(N) Kilogramm, kg",,
15,zu,10,觀測,guān cè,"(TV, 1) beobachten, observieren; (N) Observation",,
15,zu,11,觀測官,guān cè guān,(N) Nachrichtenoffizier,,
15,zu,12,光面,guāng miàn,"(N) glänzende Oberfläche; glänzend, Glanz-",,
15,zu,13,古典,gǔ diǎn,"(N) Klassik, klassisch",,
15,zu,14,簡歷,jiǎn lì,(N) tabellarischer Lebenslauf, C.V, c.v.
15,zu,15,建置,jiàn zhì,"(N) Aufbau, Design",,
15,zu,16,籍貫,jí guà,"(N) Nationalität, Herkunft",,
15,zu,17,技能,jì néng,"(N) technische Fertigkeit, technisches Können",,
15,zu,18,李世民,lǐ shì mín,(N) Li Shimin,,
15,zu,19,履歷,lǚ lì,"(N) Curriculum vitac, Lebenslauf",,
15,zu,20,年限,nián xiàn,(N) Dauer in Jahren,,
15,zu,21,弄 /術,nòng / lòng,"(N) Seitengasse, Nebenstraße [in Adressen]",,
15,zu,22,砲兵,pào bīng,"(N) Kanonier, Artillerist",,
15,zu,23,砲兵少尉預官,pào bīng shào wèi yù guān,(N) Offiziersanwärter für einen Leutnant 2. Grades der Artillerie,,
15,zu,24,簽證,qiān zhèng,"(N) Sichtvermerk, Visum",,
15,zu,25,起迄,qǐ qì,(N) Anfang und Ende,,
15,zu,26,入學,rù xué,"(N) Universitätszulassung, Schulaufnahme",,
15,zu,27,入學申請表,rù xué shēn qǐng biǎo,(N) Antragsformular für die Zulassung zur Immatrikulation,,
15,zu,28,少尉,shào wèi,"(N) Second Lieutenant, Leutnant 2. Grades",,
15,zu,29,少尉預官,shào wèi yù guān,(N) Offiziersanwärter für einen Leutnant 2. Grades,,
15,zu,30,身分,shēn fèn,"(N) Status, Tdentität",,
15,zu,31,身分證,shēn fèn zhèng,(N) Personalausweis,,
15,zu,32,身高,shēn gāo,(N) Körpergröße,,
15,zu,33,申請表,shēn qǐng biǎo,(N) Antragsformular,,
15,zu,34,攝影,shè yǐng,(IV) photographieren,,
15,zu,35,通訊,tōng xùn,"(TV, 1) benachrichtigen",,
15,zu,36,脫帽,tuō mào,(VO) Mütze abnehmen,,
15,zu,37,脫帽照片,tuō mào zhào piàn,(N) Photo ohne Kopfbedeckung,,
15,zu,38,維護,wéi hù,"(TV, 1) schützen, pflegen, schonen, bewahren",,
15,zu,39,相片,xiàng piàn,(N) Photo,,
15,zu,40,姓氏,xìng shì,(N) Familienname,,
15,zu,41,薪水,xīn shuǐ,"(N) Lohn, Gehalt",,
15,zu,42,信箱,xìn xiāng,"(N) Postfach, Briefkasten [Haus, Wohnung]",,
15,zu,43,修業,xiū yè,"(N) Schulbildung, Bildungsabschluss",,
15,zu,44,學歷,xué lì,(N) Bildungsgang,,
15,zu,45,血型,xuè xíng,(N) Blutgruppe,,
15,zu,46,宜蘭,yí lán,"(N) Yilan, Kreisstadt in Nordtaiwan",,
15,zu,47,肄業,yì yè,"(N) Hochschulbesuch, Universitätsstudium",,
15,zu,48,預官,yù guān,"(N) Amtsanwärter, Offiziersanwärter",,
15,zu,49,粘貼,zhān tiē,"(TV, 1) ankleben, aufkleben, [Plakate] anschlagen",,
15,zu,50,職務,zhí wù,"(N) Beruf, Position, Posten, Stellung",,
15,zu,51,專長,zhuān cháng,"(N) Spezialgebiet, Spezialität",,
15,zu,52,助教,zhù jiào,"(N) Assistent, Teaching Assistant",,
15,zu,53,住所,zhù suǒ,"(N) Wohnsitz, Wohnadresse",,
15,zu,54,住宅,zhù zhái,"(N) Wohnung, Adresse",,
16,wi,1,辦年貨,bàn nián huò,(VO) Neujahrseinkäufe erledigen,,
16,wi,2,迪化,dí huà,"(N) Dihua, historischer Name von Ürümqi [烏魯木齊 Wulumuqi], Hauptstadt von 新疆 Xinjiang",,
16,wi,3,迪化街,dí huà jiē,"(N) Dihua Road, bekannte Einkaufs- und Nachtmarktstraße in Taibei",,
16,wi,4,法文,fǎ wén,(N) Französisch,,
16,wi,5,分工,fēn gōng,(VO) Arbeit aufteilen, (N) Arbeitsteilung, (N) Arbeitsteilung
16,wi,6,分配,fēn pèi,"(TV, 1) zuteilen, zuweisen; (N) Distribution",,
16,wi,7,個人,gè rén,"(N) Individuum, Einzelner",,
16,wi,8,觀光客,guān guāng kè,"(N) Tourist, Besucher",,
16,wi,10,家族,jiā zú,"(N) Verwandtschaft, alle Angehörigen",,
16,wi,11,老公,lǎo gōng,(N) Ehemann,,
16,wi,12,累積,lěi jī,"(IV) sich anhäufen, akkumulieren",,
16,wi,13,秒,miǎo,(N) Sekunde,,
16,wi,14,親戚,qīn qi,(N) eigene und angeheiratete Verwandte,,
16,wi,15,確定,què dìng,"(TV, 1) festlegen, entscheiden",,
16,wi,16,任何,rèn hé,"(Pron) wer auch immer, jeder beliebige, irgendwas",,
16,wi,17,同意,tóng yì,"(TV, 1) zustimmen, beipflichten",,
16,wi,18,溫馨,wēn xīn,"(SV) warm, freundlich [Atmosphäre, Stimmung]",,
16,wi,19,正常,zhèng cháng,"(SV) normal, ohne Befund, regulär",,
16,wi,20,重點,zhòng diǎn,"(N) Schwerpunkt, Nachdruck",,
